office,date_requested,request_number,stocknumber,details,NAME,requested_quantity
,5/31/2017,17-05-318,19-005,"SIGNPEN, RED, LIQUID GEL INK, 0.5MM NEEDLE TIP, PENTEL ENERJEL BRAND",Piece,2
,5/31/2017,17-05-360,02-005,BALLPEN FINE POINT BLUE ,Piece,3
,6/30/2017,17-06-376,06-009,"FLASH DRIVE 16GB, USB VERSION 2.0 PORT COMPATIBLE, PLUG AND PLAY APACER BRAND",Piece,4
,6/30/2017,17-06-379,13-013,"MAGAZINE FILE, W/ COVER, (cartile w/ operable cover holds up to A4 and Legal)",Piece,12
 Taguig Branch,1/30/2017,17-012-002,07-001,"GLUE,  ALL PURPOSE IN JAR W/APPLICATOR 300 GRAMS",Bottle,9
 Taguig Branch,1/30/2017,17-012-002,03-005,"CHALK WHITE DUSTLESS, DURA SMOOTH, 100/BXS ",Boxes,500
 Taguig Branch,1/30/2017,17-012-002,03-006,"CLIP PAPER, GEM TYPE 32MM (1""), VINYL COATED, 100/BOX RAINBOW",Boxes,10
 Taguig Branch,1/30/2017,17-012-002,16-013,"PUSH PIN, FLAT HEAD TYPE , ASSORTED COLORS, 100PCS/CASE",Boxes,3
 Taguig Branch,1/30/2017,17-012-002,19-008,"STAPLE WIRE, Standard, No.35                                                               ",Boxes,8
 Taguig Branch,1/30/2017,17-012-002,03-002,"CARBON PAPER, LONG, 100/BXS",Pack,3
 Taguig Branch,1/30/2017,17-012-002,02-004,BALLPEN FINE POINT BLACK (12pcs./Box),Piece,20
 Taguig Branch,1/30/2017,17-012-002,02-005,BALLPEN FINE POINT BLUE ,Piece,5
 Taguig Branch,1/30/2017,17-012-002,02-006,BALLPEN FINE POINT RED,Piece,5
 Taguig Branch,1/30/2017,17-012-002,03-020,CORRECTION FLUID WATER BASE 15 ML,Piece,15
 Taguig Branch,1/30/2017,17-012-002,03-021,"CORRECTION TAPE, DISPOSABLE, USABLE LENGTH OF 6MTRS. THICKNESS  ",Piece,5
 Taguig Branch,1/30/2017,17-012-002,05-001,ENVELOPE DOCUMENTARY -GOLDEN KRAFT BROWN LONG 10 X 15,Piece,300
 Taguig Branch,1/30/2017,17-012-002,05-003,"ENVELOPE EXPANDING, LONG ",Piece,100
 Taguig Branch,1/30/2017,17-012-002,05-006,"ENVELOPE, MAILING, WHITE,  500/BX LONG ",Piece,250
 Taguig Branch,1/30/2017,17-012-002,06-009,"FLASH DRIVE 16GB, USB VERSION 2.0 PORT COMPATIBLE, PLUG AND PLAY APACER BRAND",Piece,10
 Taguig Branch,1/30/2017,17-012-002,06-017,FOLDER SHORT TAG BOARD 14 POINTS LETTER SIZE                                    ,Piece,5
 Taguig Branch,1/30/2017,17-012-002,06-017,FOLDER SHORT TAG BOARD 14 POINTS LETTER SIZE                                    ,Piece,500
 Taguig Branch,1/30/2017,17-012-002,06-019,"FOLDER, PRESSBOARD , LEGAL PAPER BOARD.,100/PACK                     ",Piece,100
 Taguig Branch,1/30/2017,17-012-002,13-003,"MARKER, HIGHLIGHTER ASSORTED, NON TOXIC SMELL",Piece,10
 Taguig Branch,1/30/2017,17-012-002,13-007,"MARKING PEN WHITEBOARD, BLACK",Piece,12
 Taguig Branch,1/30/2017,17-012-002,13-008,"MARKING PEN WHITEBOARD, BLUE",Piece,10
 Taguig Branch,1/30/2017,17-012-002,13-009,"MARKING PEN WHITEBOARD, RED",Piece,10
 Taguig Branch,1/30/2017,17-012-002,16-009,PENCIL LEAD W/ ERASER,Piece,5
 Taguig Branch,1/30/2017,17-012-002,18-001,"RECORD BOOK , 300 PAGES",Piece,10
 Taguig Branch,1/30/2017,17-012-002,18-009,"RULER, 12""",Piece,8
 Taguig Branch,1/30/2017,17-012-002,19-001,"SCISSORS, 158MM MIN. LENGTH, SYMMETRICAL, JOY BRAND",Piece,3
 Taguig Branch,1/30/2017,17-012-002,19-003,"SIGNPEN, BLACK, LIQUID GEL INK, 0.5MM NEEDLE TIP, PENTEL ENERJEL BRAND",Piece,10
 Taguig Branch,1/30/2017,17-012-002,19-004,"SIGNPEN, BLUE, LIQUID GEL INK, 0.5MM NEEDLE TIP, PENTEL ENERJEL BRAND",Piece,10
 Taguig Branch,1/30/2017,17-012-002,20-001,"TAPE DISPENCER, HEAVY DUTY 25MM (1) WIDTH TRANS. TAPE """,Piece,10
 Taguig Branch,1/30/2017,17-012-002,20-002,"TAPE MASKING 1"", 24MM ",Piece,12
 Taguig Branch,1/30/2017,17-012-002,20-007,"TAPE, TRANSPARENT, 1"" 24 MM ARMAK BRAND",Piece,10
 Taguig Branch,1/30/2017,17-012-002,20-040,TONER HP LASERJET PRINT CARTRIDGE 35A,Piece,3
 Taguig Branch,1/30/2017,17-012-002,16-002,"PAPER BOND ,WHITE, SHORT, 70 GSM",Reams,20
ADMISSION OFF,6/30/2017,17-06-375,19-001,"SCISSORS, 158MM MIN. LENGTH, SYMMETRICAL, JOY BRAND",Piece,3
ALFONSO BRANCH ,2/28/2017,17-02-142,06-007,"FASTENER, METAL",Boxes,6
ALFONSO BRANCH ,2/28/2017,17-02-142,18-008,RUBBER BAND,Boxes,4
ALFONSO BRANCH ,2/28/2017,17-02-142,06-016,FOLDER LONG TAG BOARD 14 POINTS LEGAL SIZE,Piece,100
ALFONSO BRANCH ,2/28/2017,17-02-142,18-001,"RECORD BOOK , 300 PAGES",Piece,6
ALFONSO BRANCH ,2/28/2017,17-02-142,19-003,"SIGNPEN, BLACK, LIQUID GEL INK, 0.5MM NEEDLE TIP, PENTEL ENERJEL BRAND",Piece,36
ALFONSO BRANCH ,2/28/2017,17-02-142,19-010,"STAPLER, HEAVY DUTY",Piece,6
ALFONSO BRANCH ,2/28/2017,17-02-142,20-002,"TAPE MASKING 1"", 24MM ",Piece,6
ALFONSO BRANCH ,2/28/2017,17-02-142,20-007,"TAPE, TRANSPARENT, 1"" 24 MM ARMAK BRAND",Piece,6
ALFONSO BRANCH ,2/28/2017,17-02-142,16-001,"PAPER BOND WHITE LONG, 70 GSM PG 8-1/2 X 13""""",Reams,6
ALFONSO BRANCH ,2/28/2017,17-02-142,16-002,"PAPER BOND ,WHITE, SHORT, 70 GSM",Reams,8
ALFONSO BRANCH ,2/28/2017,17-02-156,16-001,"PAPER BOND WHITE LONG, 70 GSM PG 8-1/2 X 13""""",Reams,10
ALFONSO BRANCH ,2/28/2017,17-02-156,16-002,"PAPER BOND ,WHITE, SHORT, 70 GSM",Reams,20
Alumni Relations and Career Development Office,3/2/2018,2/18/2022,01-003,"ALCOHOL, RUBBING, 70%",Bottle,3
Alumni Relations and Career Development Office,3/2/2018,2/18/2022,19-008,"STAPLE WIRE, Standard, No.35                                                               ",Boxes,3
Alumni Relations and Career Development Office,3/2/2018,2/18/2022,02-004,BALLPEN FINE POINT BLACK (12pcs./Box),Piece,12
Alumni Relations and Career Development Office,3/2/2018,2/18/2022,05-008,"ERASER, RUBBER, RECTANGULAR, PLATON BRAND",Piece,10
Alumni Relations and Career Development Office,3/2/2018,2/18/2022,13-004,MARKING PEN PERMANENT BLACK,Piece,10
Alumni Relations and Career Development Office,3/2/2018,2/18/2022,19-003,"SIGNPEN, BLACK, LIQUID GEL INK, 0.5MM NEEDLE TIP, PENTEL ENERJEL BRAND",Piece,12
Alumni Relations and Career Development Office,3/2/2018,2/18/2022,20-002,"TAPE MASKING 1"", 24MM ",Piece,3
Alumni Relations and Career Development Office,3/2/2018,2/18/2022,20-007,"TAPE, TRANSPARENT, 1"" 24 MM ARMAK BRAND",Piece,2
Alumni Relations and Career Development Office,3/2/2018,2/18/2022,20-016,"TONER CARTRDGE, HP LASER JET 85A (CE285AC) (P1102)",Piece,3
Alumni Relations and Career Development Office,3/2/2018,2/18/2022,20-030,"TONER FOR  KYOCERA MITA, MODEL KM-2820 (TK-135)",Piece,3
Alumni Relations and Career Development Office,3/2/2018,2/18/2022,16-002,"PAPER BOND ,WHITE, SHORT, 70 GSM",Reams,10
AMO ,2/28/2017,17-02-166,03-027,"CLIP, BACKFOLD, 32MM(1 1/4)  ALL METAL, 12PCS/BOX",Boxes,5
AMO ,2/28/2017,17-02-166,02-004,BALLPEN FINE POINT BLACK (12pcs./Box),Piece,24
AMO ,2/28/2017,17-02-170,01-003,"ALCOHOL, RUBBING, 70%",Bottle,2
AMO ,2/28/2017,17-02-170,02-004,BALLPEN FINE POINT BLACK (12pcs./Box),Piece,3
AMS,2/28/2017,17-02-166,06-009,"FLASH DRIVE 16GB, USB VERSION 2.0 PORT COMPATIBLE, PLUG AND PLAY APACER BRAND",Piece,4
AMS,2/28/2017,17-02-166,06-016,FOLDER LONG TAG BOARD 14 POINTS LEGAL SIZE,Piece,200
AMS,2/28/2017,17-02-166,06-017,FOLDER SHORT TAG BOARD 14 POINTS LETTER SIZE                                    ,Piece,200
AMS,2/28/2017,17-02-166,06-019,"FOLDER, PRESSBOARD , LEGAL PAPER BOARD.,100/PACK                     ",Piece,200
AMS,2/28/2017,17-02-166,13-003,"MARKER, HIGHLIGHTER ASSORTED, NON TOXIC SMELL",Piece,10
AMS,2/28/2017,17-02-166,13-013,"MAGAZINE FILE, W/ COVER, (cartile w/ operable cover holds up to A4 and Legal)",Piece,10
AMS,2/28/2017,17-02-166,19-003,"SIGNPEN, BLACK, LIQUID GEL INK, 0.5MM NEEDLE TIP, PENTEL ENERJEL BRAND",Piece,24
AMS,2/28/2017,17-02-166,20-016,"TONER CARTRDGE, HP LASER JET 85A (CE285AC) (P1102)",Piece,10
AMS,2/28/2017,17-02-166,20-039,TONER HP LASERJET PRINT CARTRIDGE 3050/Q2612AC,Piece,10
AMS,2/28/2017,17-02-166,16-001,"PAPER BOND WHITE LONG, 70 GSM PG 8-1/2 X 13""""",Reams,20
AMS,2/28/2017,17-02-166,16-002,"PAPER BOND ,WHITE, SHORT, 70 GSM",Reams,20
AMS,2/28/2017,17-02-166,08-002,"HARD DRIVE, EXTERNAL, 1TB, 2.5mm HDD, 3.0 USB",Unit,1
AMS,2/28/2017,17-02-170,07-001,"GLUE,  ALL PURPOSE IN JAR W/APPLICATOR 300 GRAMS",Bottle,2
AMS,2/28/2017,17-02-170,06-009,"FLASH DRIVE 16GB, USB VERSION 2.0 PORT COMPATIBLE, PLUG AND PLAY APACER BRAND",Piece,1
AMS,2/28/2017,17-02-170,06-016,FOLDER LONG TAG BOARD 14 POINTS LEGAL SIZE,Piece,100
AMS,2/28/2017,17-02-170,13-001,"MAGAZINE FILE, LONG DBM",Piece,10
AMS,2/28/2017,17-02-170,13-004,MARKING PEN PERMANENT BLACK,Piece,2
AMS,2/28/2017,17-02-170,16-009,PENCIL LEAD W/ ERASER,Piece,2
AMS,2/28/2017,17-02-170,18-009,"RULER, 12""",Piece,2
AMS,2/28/2017,17-02-170,19-001,"SCISSORS, 158MM MIN. LENGTH, SYMMETRICAL, JOY BRAND",Piece,1
AMS,2/28/2017,17-02-170,20-007,"TAPE, TRANSPARENT, 1"" 24 MM ARMAK BRAND",Piece,2
AMS,2/28/2017,17-02-170,20-010,"TOILET, TISSUE PAPER, 2PLY SHEET/12RLS /PACK",Piece,2
AMS,2/28/2017,17-02-170,20-016,"TONER CARTRDGE, HP LASER JET 85A (CE285AC) (P1102)",Piece,2
AMS,2/28/2017,17-02-170,20-039,TONER HP LASERJET PRINT CARTRIDGE 3050/Q2612AC,Piece,2
AMS,2/28/2017,17-02-170,20-046,"TAPE, PACKAGING, 2""",Piece,2
AMS,5/31/2017,17-05-315,07-001,"GLUE,  ALL PURPOSE IN JAR W/APPLICATOR 300 GRAMS",Bottle,3
AMS,5/31/2017,17-05-315,03-006,"CLIP PAPER, GEM TYPE 32MM (1""), VINYL COATED, 100/BOX RAINBOW",Boxes,4
AMS,5/31/2017,17-05-315,03-008,"CLIP, BACKFOLD, 19MM ("") ALL METAL, 12PCS/BOX",Boxes,3
AMS,5/31/2017,17-05-315,03-009,"CLIP, BACKFOLD, 25MM (1"") ALL METAL, 12PCS/BOX",Boxes,4
AMS,5/31/2017,17-05-315,03-028,"CLIP, BACKFOLD, 50MM(2)  ALL METAL, 12PCS/BOX",Boxes,4
AMS,5/31/2017,17-05-315,06-007,"FASTENER, METAL",Boxes,3
AMS,5/31/2017,17-05-315,19-008,"STAPLE WIRE, Standard, No.35                                                               ",Boxes,10
AMS,5/31/2017,17-05-315,01-002,AIR FRESHNER ,Cans,3
AMS,5/31/2017,17-05-315,03-021,"CORRECTION TAPE, DISPOSABLE, USABLE LENGTH OF 6MTRS. THICKNESS  ",Piece,6
AMS,5/31/2017,17-05-315,06-009,"FLASH DRIVE 16GB, USB VERSION 2.0 PORT COMPATIBLE, PLUG AND PLAY APACER BRAND",Piece,4
AMS,5/31/2017,17-05-315,06-016,FOLDER LONG TAG BOARD 14 POINTS LEGAL SIZE,Piece,100
AMS,5/31/2017,17-05-315,06-017,FOLDER SHORT TAG BOARD 14 POINTS LETTER SIZE                                    ,Piece,200
AMS,5/31/2017,17-05-315,13-001,"MAGAZINE FILE, LONG DBM",Piece,8
AMS,5/31/2017,17-05-315,13-004,MARKING PEN PERMANENT BLACK,Piece,12
AMS,5/31/2017,17-05-315,13-013,"MAGAZINE FILE, W/ COVER, (cartile w/ operable cover holds up to A4 and Legal)",Piece,15
AMS,5/31/2017,17-05-315,16-009,PENCIL LEAD W/ ERASER,Piece,12
AMS,5/31/2017,17-05-315,18-001,"RECORD BOOK , 300 PAGES",Piece,5
AMS,5/31/2017,17-05-315,19-003,"SIGNPEN, BLACK, LIQUID GEL INK, 0.5MM NEEDLE TIP, PENTEL ENERJEL BRAND",Piece,12
AMS,5/31/2017,17-05-315,19-010,"STAPLER, HEAVY DUTY",Piece,2
AMS,5/31/2017,17-05-315,20-002,"TAPE MASKING 1"", 24MM ",Piece,1
AMS,5/31/2017,17-05-315,20-007,"TAPE, TRANSPARENT, 1"" 24 MM ARMAK BRAND",Piece,5
AMS,5/31/2017,17-05-315,20-008,"TAPE, TRANSPARENT, 2  24 MM ARMAK BRAND """,Piece,1
AMS,5/31/2017,17-05-315,20-016,"TONER CARTRDGE, HP LASER JET 85A (CE285AC) (P1102)",Piece,5
AMS,5/31/2017,17-05-315,20-051,"TONER, CART. HP 127FN, HP83A",Piece,5
AMS,5/31/2017,17-05-315,16-001,"PAPER BOND WHITE LONG, 70 GSM PG 8-1/2 X 13""""",Reams,10
AMS,5/31/2017,17-05-315,16-002,"PAPER BOND ,WHITE, SHORT, 70 GSM",Reams,30
AMS,5/31/2017,17-05-333,01-003,"ALCOHOL, RUBBING, 70%",Bottle,2
AMS,5/31/2017,17-05-333,01-002,AIR FRESHNER ,Cans,1
AMS,5/31/2017,17-05-333,03-021,"CORRECTION TAPE, DISPOSABLE, USABLE LENGTH OF 6MTRS. THICKNESS  ",Piece,2
AMS,5/31/2017,17-05-333,13-004,MARKING PEN PERMANENT BLACK,Piece,2
AMS,5/31/2017,17-05-333,16-009,PENCIL LEAD W/ ERASER,Piece,2
AMS,5/31/2017,17-05-333,20-010,"TOILET, TISSUE PAPER, 2PLY SHEET/12RLS /PACK",Piece,2
AMS,5/31/2017,17-05-333,20-016,"TONER CARTRDGE, HP LASER JET 85A (CE285AC) (P1102)",Piece,2
AMS,5/31/2017,17-05-333,20-039,TONER HP LASERJET PRINT CARTRIDGE 3050/Q2612AC,Piece,1
AMS,5/31/2017,17-05-333,16-002,"PAPER BOND ,WHITE, SHORT, 70 GSM",Reams,10
ARCD,6/30/2017,17-06-381,01-003,"ALCOHOL, RUBBING, 70%",Bottle,5
ARCD,6/30/2017,17-06-381,02-006,BALLPEN FINE POINT RED,Piece,12
ARCD,6/30/2017,17-06-381,13-001,"MAGAZINE FILE, LONG DBM",Piece,30
ARCD,6/30/2017,17-06-381,20-002,"TAPE MASKING 1"", 24MM ",Piece,5
ARCD,6/30/2017,17-06-381,20-007,"TAPE, TRANSPARENT, 1"" 24 MM ARMAK BRAND",Piece,5
ARCD,6/30/2017,17-06-381,20-030,"TONER FOR  KYOCERA MITA, MODEL KM-2820 (TK-135)",Piece,5
ARCD,6/30/2017,17-06-381,16-001,"PAPER BOND WHITE LONG, 70 GSM PG 8-1/2 X 13""""",Reams,20
ARO,1/30/2017,17-01-060,01-003,"ALCOHOL, RUBBING, 70%",Bottle,4
ARO,1/30/2017,17-01-060,02-004,BALLPEN FINE POINT BLACK (12pcs./Box),Piece,20
ARO,1/30/2017,17-01-060,03-021,"CORRECTION TAPE, DISPOSABLE, USABLE LENGTH OF 6MTRS. THICKNESS  ",Piece,3
ARO,1/30/2017,17-01-060,06-016,FOLDER LONG TAG BOARD 14 POINTS LEGAL SIZE,Piece,100
ARO,1/30/2017,17-01-060,13-004,MARKING PEN PERMANENT BLACK,Piece,12
ARO,1/30/2017,17-01-060,13-012,"MOUSE. OPTICAL, USB CONNECTION TYPE, 400 DPI, PLUG AND PLAY: GENIUS NETSCROLL BRAND ",Piece,5
ARO,1/30/2017,17-01-060,18-001,"RECORD BOOK , 300 PAGES",Piece,6
ARO,1/30/2017,17-01-060,19-003,"SIGNPEN, BLACK, LIQUID GEL INK, 0.5MM NEEDLE TIP, PENTEL ENERJEL BRAND",Piece,8
ARO,1/30/2017,17-01-060,20-002,"TAPE MASKING 1"", 24MM ",Piece,6
ARO,1/30/2017,17-01-060,20-007,"TAPE, TRANSPARENT, 1"" 24 MM ARMAK BRAND",Piece,6
ARO,1/30/2017,17-01-060,20-010,"TOILET, TISSUE PAPER, 2PLY SHEET/12RLS /PACK",Piece,12
ARO,1/30/2017,17-01-060,20-016,"TONER CARTRDGE, HP LASER JET 85A (CE285AC) (P1102)",Piece,8
ARO,1/30/2017,17-01-060,20-040,TONER HP LASERJET PRINT CARTRIDGE 35A,Piece,7
ARO,1/30/2017,17-01-060,16-001,"PAPER BOND WHITE LONG, 70 GSM PG 8-1/2 X 13""""",Reams,20
ARO,1/30/2017,17-01-060,16-014,"PAPER BOND WHITE SHORT, SUBS. A4 GOOD QUALITY",Reams,20
ARO,3/30/2017,2017-03-206,01-003,"ALCOHOL, RUBBING, 70%",Bottle,5
ARO,3/30/2017,2017-03-206,09-043,"INK DESKJET , CANNON FIXMA MX366 PG810 , BLACK",Piece,10
ARO,3/30/2017,2017-03-206,09-044,"INK DESKJET , CANNON FIXMA MX366 PG811 , COLORED",Piece,10
ARO,3/30/2017,2017-03-206,13-004,MARKING PEN PERMANENT BLACK,Piece,12
ARO,3/30/2017,2017-03-206,19-003,"SIGNPEN, BLACK, LIQUID GEL INK, 0.5MM NEEDLE TIP, PENTEL ENERJEL BRAND",Piece,24
ARO,3/30/2017,2017-03-206,20-007,"TAPE, TRANSPARENT, 1"" 24 MM ARMAK BRAND",Piece,10
ARO,3/30/2017,2017-03-206,20-010,"TOILET, TISSUE PAPER, 2PLY SHEET/12RLS /PACK",Piece,24
ARO,3/30/2017,2017-03-206,20-016,"TONER CARTRDGE, HP LASER JET 85A (CE285AC) (P1102)",Piece,8
ARO,3/30/2017,2017-03-206,20-040,TONER HP LASERJET PRINT CARTRIDGE 35A,Piece,5
ARO,3/30/2017,2017-03-206,20-046,"TAPE, PACKAGING, 2""",Piece,10
BAC,1/30/2017,17-01-012,01-003,"ALCOHOL, RUBBING, 70%",Bottle,1
BAC,1/30/2017,17-01-012,20-007,"TAPE, TRANSPARENT, 1"" 24 MM ARMAK BRAND",Piece,10
BAC,1/30/2017,17-01-012,20-010,"TOILET, TISSUE PAPER, 2PLY SHEET/12RLS /PACK",Piece,12
BAC,1/30/2017,17-01-012,20-049,"TONER, COPIER KYOCERA FS-6525MFP  TK-479",Piece,2
BAC,1/30/2017,17-01-012,16-001,"PAPER BOND WHITE LONG, 70 GSM PG 8-1/2 X 13""""",Reams,20
BAC,1/30/2017,17-01-079,01-003,"ALCOHOL, RUBBING, 70%",Bottle,1
BAC,1/30/2017,17-01-079,03-008,"CLIP, BACKFOLD, 19MM ("") ALL METAL, 12PCS/BOX",Boxes,5
BAC,1/30/2017,17-01-079,03-009,"CLIP, BACKFOLD, 25MM (1"") ALL METAL, 12PCS/BOX",Boxes,5
BAC,1/30/2017,17-01-079,09-003,"INDEX TAB, SELF-ADHESIVE ",Boxes,5
BAC,1/30/2017,17-01-079,18-012,"RING BINDER, 12.7mm x 1.12m (1/2""x 44""), plastic 10pcs/pack",Pack,10
BAC,1/30/2017,17-01-079,18-013,"RING BINDER, 19mm x 1.12m(3/4""x 44""), plastic"" 10pcs/pack",Pack,10
BAC,1/30/2017,17-01-079,03-021,"CORRECTION TAPE, DISPOSABLE, USABLE LENGTH OF 6MTRS. THICKNESS  ",Piece,1
BAC,1/30/2017,17-01-079,03-029,"CALCULATOR, 12 DIGITS, TWO WAY POWER ",Piece,1
BAC,1/30/2017,17-01-079,13-013,"MAGAZINE FILE, W/ COVER, (cartile w/ operable cover holds up to A4 and Legal)",Piece,15
BAC,1/30/2017,17-01-079,19-003,"SIGNPEN, BLACK, LIQUID GEL INK, 0.5MM NEEDLE TIP, PENTEL ENERJEL BRAND",Piece,12
BAC,1/30/2017,17-01-079,20-001,"TAPE DISPENCER, HEAVY DUTY 25MM (1) WIDTH TRANS. TAPE """,Piece,1
BAC,1/30/2017,17-01-079,20-010,"TOILET, TISSUE PAPER, 2PLY SHEET/12RLS /PACK",Piece,24
BAC,1/30/2017,17-01-079,20-039,TONER HP LASERJET PRINT CARTRIDGE 3050/Q2612AC,Piece,10
BAC,1/30/2017,17-01-079,20-049,"TONER, COPIER KYOCERA FS-6525MFP  TK-479",Piece,3
BAC,1/30/2017,17-01-079,16-001,"PAPER BOND WHITE LONG, 70 GSM PG 8-1/2 X 13""""",Reams,50
BAC ,2/28/2017,17-02-141,19-007,"STAMP PAD, INK, 50ml",Bottle,1
BAC ,2/28/2017,17-02-141,06-007,"FASTENER, METAL",Boxes,10
BAC ,2/28/2017,17-02-141,09-003,"INDEX TAB, SELF-ADHESIVE ",Boxes,5
BAC ,2/28/2017,17-02-141,19-008,"STAPLE WIRE, Standard, No.35                                                               ",Boxes,2
BAC ,2/28/2017,17-02-141,01-002,AIR FRESHNER ,Cans,1
BAC ,2/28/2017,17-02-141,18-014,"RING BINDER, 25mm x 1.12m (1""x 44""), plastic"" 10pcs/pack",Pack,20
BAC ,2/28/2017,17-02-141,14-004,"NOTE PAD, STICK-ON (3X3"") 100 SHEETS PER PAD""",Pad,5
BAC ,2/28/2017,17-02-141,03-001,"CALCULATOR, SCIENTIFIC, 10 + 2 DIGITS CAP. DOT MATRIX, TWO WAY(SOLAR/CELL TYPE) ADRITE BRAND",Piece,2
BAC ,2/28/2017,17-02-141,05-007,"ERASER, BLACKBOARD",Piece,1
BAC ,2/28/2017,17-02-141,05-008,"ERASER, RUBBER, RECTANGULAR, PLATON BRAND",Piece,5
BAC ,2/28/2017,17-02-141,06-003,"FAN, ELECTRIC, with STAND TYPE",Piece,1
BAC ,2/28/2017,17-02-141,13-003,"MARKER, HIGHLIGHTER ASSORTED, NON TOXIC SMELL",Piece,5
BAC ,2/28/2017,17-02-141,18-010,"RULER, 18""",Piece,3
BAC ,2/28/2017,17-02-141,19-013,"STAPLER, BINDER TYPE HEAVY DUTY,  STAPLING, 12MM AND 17MM, CAP: 25-135 SHEETS OF 70GSM BOND PAPER",Piece,1
BAC ,2/28/2017,17-02-141,20-049,"TONER, COPIER KYOCERA FS-6525MFP  TK-479",Piece,5
BAC,5/31/2017,17-05-328,03-007,"CLIP PAPER, GEM TYPE 50MM (2""), VINYL COATED, 100/BOX RAINBOW",Boxes,2
BAC,5/31/2017,17-05-328,03-008,"CLIP, BACKFOLD, 19MM ("") ALL METAL, 12PCS/BOX",Boxes,3
BAC,5/31/2017,17-05-328,03-009,"CLIP, BACKFOLD, 25MM (1"") ALL METAL, 12PCS/BOX",Boxes,1
BAC,5/31/2017,17-05-328,03-027,"CLIP, BACKFOLD, 32MM(1 1/4)  ALL METAL, 12PCS/BOX",Boxes,4
BAC,5/31/2017,17-05-328,19-006,STAMP PAD,Piece,2
BAC,5/31/2017,17-05-328,19-013,"STAPLER, BINDER TYPE HEAVY DUTY,  STAPLING, 12MM AND 17MM, CAP: 25-135 SHEETS OF 70GSM BOND PAPER",Piece,2
BAC,5/31/2017,17-05-328,20-002,"TAPE MASKING 1"", 24MM ",Piece,9
BAC,5/31/2017,17-05-328,20-007,"TAPE, TRANSPARENT, 1"" 24 MM ARMAK BRAND",Piece,7
BAC,5/31/2017,17-05-328,16-001,"PAPER BOND WHITE LONG, 70 GSM PG 8-1/2 X 13""""",Reams,40
BATAAN BRANCH,5/31/2017,17-05-306,20-016,"TONER CARTRDGE, HP LASER JET 85A (CE285AC) (P1102)",Piece,3
BATAAN BRANCH  ,6/30/2017,17-06-373,20-016,"TONER CARTRDGE, HP LASER JET 85A (CE285AC) (P1102)",Piece,4
BATAAN BRANCH  ,6/30/2017,17-06-380,07-001,"GLUE,  ALL PURPOSE IN JAR W/APPLICATOR 300 GRAMS",Bottle,5
BATAAN BRANCH  ,6/30/2017,17-06-380,03-005,"CHALK WHITE DUSTLESS, DURA SMOOTH, 100/BXS ",Boxes,3000
BATAAN BRANCH  ,6/30/2017,17-06-380,03-006,"CLIP PAPER, GEM TYPE 32MM (1""), VINYL COATED, 100/BOX RAINBOW",Boxes,8
BATAAN BRANCH  ,6/30/2017,17-06-380,06-008,"FASTENER, PLASTIC PRINCE",Boxes,5
BATAAN BRANCH  ,6/30/2017,17-06-380,16-013,"PUSH PIN, FLAT HEAD TYPE , ASSORTED COLORS, 100PCS/CASE",Boxes,10
BATAAN BRANCH  ,6/30/2017,17-06-380,19-008,"STAPLE WIRE, Standard, No.35                                                               ",Boxes,10
BATAAN BRANCH  ,6/30/2017,17-06-380,03-021,"CORRECTION TAPE, DISPOSABLE, USABLE LENGTH OF 6MTRS. THICKNESS  ",Piece,5
BATAAN BRANCH  ,6/30/2017,17-06-380,06-016,FOLDER LONG TAG BOARD 14 POINTS LEGAL SIZE,Piece,100
BATAAN BRANCH  ,6/30/2017,17-06-380,09-031,INK EPSON L110 (BLACK),Piece,8
BATAAN BRANCH  ,6/30/2017,17-06-380,09-032,INK EPSON L110 (CYAN),Piece,8
BATAAN BRANCH  ,6/30/2017,17-06-380,09-033,INK EPSON L110 (MAGENTA),Piece,8
BATAAN BRANCH  ,6/30/2017,17-06-380,09-034,INK EPSON L110 (YELLOW),Piece,8
BATAAN BRANCH  ,6/30/2017,17-06-380,18-001,"RECORD BOOK , 300 PAGES",Piece,10
BATAAN BRANCH  ,6/30/2017,17-06-380,20-002,"TAPE MASKING 1"", 24MM ",Piece,5
BATAAN BRANCH  ,6/30/2017,17-06-380,20-005,"TAPE, ELECRICAL",Piece,6
BATAAN BRANCH  ,6/30/2017,17-06-380,20-007,"TAPE, TRANSPARENT, 1"" 24 MM ARMAK BRAND",Piece,10
BATAAN BRANCH  ,6/30/2017,17-06-380,20-008,"TAPE, TRANSPARENT, 2  24 MM ARMAK BRAND """,Piece,5
BATAAN BRANCH  ,6/30/2017,17-06-380,16-001,"PAPER BOND WHITE LONG, 70 GSM PG 8-1/2 X 13""""",Reams,30
BATAAN BRANCH  ,6/30/2017,17-06-380,16-007,"PAPER MIMEOGRAPH GROUNDWOOD, 216MM X 330MM, 60GSM",Reams,4
BATANGAS,3/30/2017,2017-03-207,07-001,"GLUE,  ALL PURPOSE IN JAR W/APPLICATOR 300 GRAMS",Bottle,5
BATANGAS,3/30/2017,2017-03-207,19-008,"STAPLE WIRE, Standard, No.35                                                               ",Boxes,10
BATANGAS,3/30/2017,2017-03-207,12-001,"LOOSELEAF COVER W/ PAPER CLOTH STRAP, GREEN 8 1/2 X 14 (50pcs/Pack)",Pack,200
BATANGAS,3/30/2017,2017-03-207,02-004,BALLPEN FINE POINT BLACK (12pcs./Box),Piece,24
BATANGAS,3/30/2017,2017-03-207,05-001,ENVELOPE DOCUMENTARY -GOLDEN KRAFT BROWN LONG 10 X 15,Piece,300
BATANGAS,3/30/2017,2017-03-207,05-002,ENVELOPE DOCUMENTARY SHORT 150 GSM 9 X 12,Piece,200
BATANGAS,3/30/2017,2017-03-207,06-016,FOLDER LONG TAG BOARD 14 POINTS LEGAL SIZE,Piece,300
BATANGAS,3/30/2017,2017-03-207,06-017,FOLDER SHORT TAG BOARD 14 POINTS LETTER SIZE                                    ,Piece,200
BATANGAS,3/30/2017,2017-03-207,13-004,MARKING PEN PERMANENT BLACK,Piece,24
BATANGAS,3/30/2017,2017-03-207,19-001,"SCISSORS, 158MM MIN. LENGTH, SYMMETRICAL, JOY BRAND",Piece,5
BATANGAS,3/30/2017,2017-03-207,20-003,"TAPE MASKING 2"", 48MM ",Piece,10
BATANGAS,3/30/2017,2017-03-207,20-039,TONER HP LASERJET PRINT CARTRIDGE 3050/Q2612AC,Piece,5
BATANGAS,3/30/2017,2017-03-207,16-001,"PAPER BOND WHITE LONG, 70 GSM PG 8-1/2 X 13""""",Reams,20
BATANGAS,3/30/2017,2017-03-207,16-002,"PAPER BOND ,WHITE, SHORT, 70 GSM",Reams,20
Bids and Awards Committee Secretariat,3/20/2018,18-03-121,01-003,"ALCOHOL, RUBBING, 70%",Bottle,1
Bids and Awards Committee Secretariat,3/20/2018,18-03-121,19-008,"STAPLE WIRE, Standard, No.35                                                               ",Boxes,5
Bids and Awards Committee Secretariat,3/20/2018,18-03-121,16-021,"PAPER BOND, WHITE, LONG,MULTI-COPY, 80GSM, 8&frac12;&quot; x 13&quot; (500sheets/Ream)",Reams,50
BSO,2/28/2017,17-02-119,03-028,"CLIP, BACKFOLD, 50MM(2)  ALL METAL, 12PCS/BOX",Boxes,24
BSO,2/28/2017,17-02-119,05-001,ENVELOPE DOCUMENTARY -GOLDEN KRAFT BROWN LONG 10 X 15,Piece,500
BSO,2/28/2017,17-02-119,05-002,ENVELOPE DOCUMENTARY SHORT 150 GSM 9 X 12,Piece,50
BSO,2/28/2017,17-02-119,06-017,FOLDER SHORT TAG BOARD 14 POINTS LETTER SIZE                                    ,Piece,100
BSO,2/28/2017,17-02-119,19-003,"SIGNPEN, BLACK, LIQUID GEL INK, 0.5MM NEEDLE TIP, PENTEL ENERJEL BRAND",Piece,12
BSO,2/28/2017,17-02-119,20-010,"TOILET, TISSUE PAPER, 2PLY SHEET/12RLS /PACK",Piece,12
BSO,2/28/2017,17-02-119,16-002,"PAPER BOND ,WHITE, SHORT, 70 GSM",Reams,30
BSO,3/30/2017,2017-03-178,06-009,"FLASH DRIVE 16GB, USB VERSION 2.0 PORT COMPATIBLE, PLUG AND PLAY APACER BRAND",Piece,2
BSO,3/30/2017,2017-03-213,03-009,"CLIP, BACKFOLD, 25MM (1"") ALL METAL, 12PCS/BOX",Boxes,36
BSO,3/30/2017,2017-03-213,03-027,"CLIP, BACKFOLD, 32MM(1 1/4)  ALL METAL, 12PCS/BOX",Boxes,36
BSO,3/30/2017,2017-03-213,06-008,"FASTENER, PLASTIC PRINCE",Boxes,2
BSO,3/30/2017,2017-03-213,05-002,ENVELOPE DOCUMENTARY SHORT 150 GSM 9 X 12,Piece,50
BSO,3/30/2017,2017-03-213,19-003,"SIGNPEN, BLACK, LIQUID GEL INK, 0.5MM NEEDLE TIP, PENTEL ENERJEL BRAND",Piece,10
BSO,3/30/2017,2017-03-213,20-010,"TOILET, TISSUE PAPER, 2PLY SHEET/12RLS /PACK",Piece,12
BSO,3/30/2017,2017-03-213,20-011,"TONER CARTRIDGE, HP 05A , CE505A",Piece,4
BSO,3/30/2017,2017-03-213,16-001,"PAPER BOND WHITE LONG, 70 GSM PG 8-1/2 X 13""""",Reams,20
BSO,4/30/2017,17-04-279,20-010,"TOILET, TISSUE PAPER, 2PLY SHEET/12RLS /PACK",Piece,3
BSO,4/30/2017,17-04-279,20-011,"TONER CARTRIDGE, HP 05A , CE505A",Piece,3
BSO,4/30/2017,17-04-279,20-051,"TONER, CART. HP 127FN, HP83A",Piece,2
BSO,4/30/2017,17-04-279,16-001,"PAPER BOND WHITE LONG, 70 GSM PG 8-1/2 X 13""""",Reams,15
BSO,4/30/2017,17-04-279,16-002,"PAPER BOND ,WHITE, SHORT, 70 GSM",Reams,15
Budget Services Office,3/16/2018,18-03-095,01-003,"ALCOHOL, RUBBING, 70%",Bottle,2
Budget Services Office,3/16/2018,18-03-095,19-003,"SIGNPEN, BLACK, LIQUID GEL INK, 0.5MM NEEDLE TIP, PENTEL ENERJEL BRAND",Piece,15
Budget Services Office,3/16/2018,18-03-095,19-004,"SIGNPEN, BLUE, LIQUID GEL INK, 0.5MM NEEDLE TIP, PENTEL ENERJEL BRAND",Piece,8
Budget Services Office,3/16/2018,18-03-095,20-007,"TAPE, TRANSPARENT, 1"" 24 MM ARMAK BRAND",Piece,2
Budget Services Office,3/16/2018,18-03-095,16-002,"PAPER BOND ,WHITE, SHORT, 70 GSM",Reams,10
C M O ,5/31/2017,17-05-297,20-016,"TONER CARTRDGE, HP LASER JET 85A (CE285AC) (P1102)",Piece,2
CAFA,1/30/2017,17-01-041,20-053,"TONER CARTRIDGE, MX-23FTBA, BLACK",Piece,2
CAFA,1/30/2017,17-01-041,20-054,"TONER CARTRIDGE, MX-23FTCA, CYAN",Piece,2
CAFA,1/30/2017,17-01-041,20-055,"TONER CARTRIDGE, MX-23FTMA, MAGENTA",Piece,2
CAFA,1/30/2017,17-01-041,20-056,"TONER CARTRIDGE, MX-23FTYA, YELLOW ",Piece,2
CAFA,2/28/2017,17-02-103,03-006,"CLIP PAPER, GEM TYPE 32MM (1""), VINYL COATED, 100/BOX RAINBOW",Boxes,1
CAFA,2/28/2017,17-02-103,03-007,"CLIP PAPER, GEM TYPE 50MM (2""), VINYL COATED, 100/BOX RAINBOW",Boxes,1
CAFA,2/28/2017,17-02-103,03-009,"CLIP, BACKFOLD, 25MM (1"") ALL METAL, 12PCS/BOX",Boxes,3
CAFA,2/28/2017,17-02-103,03-028,"CLIP, BACKFOLD, 50MM(2)  ALL METAL, 12PCS/BOX",Boxes,3
CAFA,2/28/2017,17-02-103,13-004,MARKING PEN PERMANENT BLACK,Piece,2
CAFA,2/28/2017,17-02-103,13-006,MARKING PEN PERMANENT RED,Piece,2
CAFA,2/28/2017,17-02-103,20-002,"TAPE MASKING 1"", 24MM ",Piece,3
CAFA,2/28/2017,17-02-103,20-007,"TAPE, TRANSPARENT, 1"" 24 MM ARMAK BRAND",Piece,3
CAFA,2/28/2017,17-02-103,16-001,"PAPER BOND WHITE LONG, 70 GSM PG 8-1/2 X 13""""",Reams,5
CAFA,2/28/2017,17-02-103,16-002,"PAPER BOND ,WHITE, SHORT, 70 GSM",Reams,5
CAFA,4/30/2017,17-04-260,03-009,"CLIP, BACKFOLD, 25MM (1"") ALL METAL, 12PCS/BOX",Boxes,3
CAFA,4/30/2017,17-04-260,03-028,"CLIP, BACKFOLD, 50MM(2)  ALL METAL, 12PCS/BOX",Boxes,3
CAFA,4/30/2017,17-04-260,05-001,ENVELOPE DOCUMENTARY -GOLDEN KRAFT BROWN LONG 10 X 15,Piece,50
CAFA,4/30/2017,17-04-260,05-002,ENVELOPE DOCUMENTARY SHORT 150 GSM 9 X 12,Piece,50
CAFA,4/30/2017,17-04-260,13-004,MARKING PEN PERMANENT BLACK,Piece,2
CAFA,4/30/2017,17-04-260,13-006,MARKING PEN PERMANENT RED,Piece,2
CAFA,4/30/2017,17-04-260,20-002,"TAPE MASKING 1"", 24MM ",Piece,3
CAFA,4/30/2017,17-04-260,16-001,"PAPER BOND WHITE LONG, 70 GSM PG 8-1/2 X 13""""",Reams,5
CAFA,4/30/2017,17-04-260,16-002,"PAPER BOND ,WHITE, SHORT, 70 GSM",Reams,3
CAFA,4/30/2017,17-04-276,03-009,"CLIP, BACKFOLD, 25MM (1"") ALL METAL, 12PCS/BOX",Boxes,3
CAFA,4/30/2017,17-04-276,03-028,"CLIP, BACKFOLD, 50MM(2)  ALL METAL, 12PCS/BOX",Boxes,3
CAFA,4/30/2017,17-04-276,13-004,MARKING PEN PERMANENT BLACK,Piece,2
CAFA,4/30/2017,17-04-276,20-002,"TAPE MASKING 1"", 24MM ",Piece,3
CAFA,4/30/2017,17-04-276,20-007,"TAPE, TRANSPARENT, 1"" 24 MM ARMAK BRAND",Piece,3
CAFA,4/30/2017,17-04-276,16-001,"PAPER BOND WHITE LONG, 70 GSM PG 8-1/2 X 13""""",Reams,5
CAFA,4/30/2017,17-04-276,16-002,"PAPER BOND ,WHITE, SHORT, 70 GSM",Reams,3
CAFA,5/31/2017,17-05-305,13-004,MARKING PEN PERMANENT BLACK,Piece,2
CAFA,5/31/2017,17-05-305,13-006,MARKING PEN PERMANENT RED,Piece,2
CAFA,5/31/2017,17-05-305,19-010,"STAPLER, HEAVY DUTY",Piece,2
CAFA,5/31/2017,17-05-305,20-016,"TONER CARTRDGE, HP LASER JET 85A (CE285AC) (P1102)",Piece,1
CAFA,6/30/2017,17-06-369,07-001,"GLUE,  ALL PURPOSE IN JAR W/APPLICATOR 300 GRAMS",Bottle,1
CAFA,6/30/2017,17-06-369,03-006,"CLIP PAPER, GEM TYPE 32MM (1""), VINYL COATED, 100/BOX RAINBOW",Boxes,1
CAFA,6/30/2017,17-06-369,03-007,"CLIP PAPER, GEM TYPE 50MM (2""), VINYL COATED, 100/BOX RAINBOW",Boxes,1
CAFA,6/30/2017,17-06-369,03-009,"CLIP, BACKFOLD, 25MM (1"") ALL METAL, 12PCS/BOX",Boxes,2
CAFA,6/30/2017,17-06-369,03-028,"CLIP, BACKFOLD, 50MM(2)  ALL METAL, 12PCS/BOX",Boxes,2
CAFA,6/30/2017,17-06-369,03-021,"CORRECTION TAPE, DISPOSABLE, USABLE LENGTH OF 6MTRS. THICKNESS  ",Piece,3
CAFA,6/30/2017,17-06-369,13-004,MARKING PEN PERMANENT BLACK,Piece,2
CAFA,6/30/2017,17-06-369,13-006,MARKING PEN PERMANENT RED,Piece,2
CAFA,6/30/2017,17-06-403,13-006,MARKING PEN PERMANENT RED,Piece,2
CAL,1/30/2017,17-01-099,01-003,"ALCOHOL, RUBBING, 70%",Bottle,1
CAL,1/30/2017,17-01-099,07-001,"GLUE,  ALL PURPOSE IN JAR W/APPLICATOR 300 GRAMS",Bottle,3
CAL,1/30/2017,17-01-099,18-008,RUBBER BAND,Boxes,3
CAL,1/30/2017,17-01-099,02-004,BALLPEN FINE POINT BLACK (12pcs./Box),Piece,10
CAL,1/30/2017,17-01-099,20-002,"TAPE MASKING 1"", 24MM ",Piece,2
CAL,1/30/2017,17-01-099,20-007,"TAPE, TRANSPARENT, 1"" 24 MM ARMAK BRAND",Piece,5
CAL,1/30/2017,17-01-099,20-010,"TOILET, TISSUE PAPER, 2PLY SHEET/12RLS /PACK",Piece,3
CAL,1/30/2017,17-01-099,20-039,TONER HP LASERJET PRINT CARTRIDGE 3050/Q2612AC,Piece,2
CAL,1/30/2017,17-01-099,16-001,"PAPER BOND WHITE LONG, 70 GSM PG 8-1/2 X 13""""",Reams,20
CAL,1/30/2017,17-01-099,16-002,"PAPER BOND ,WHITE, SHORT, 70 GSM",Reams,10
CAL,1/30/2017,17-01-100,06-003,"FAN, ELECTRIC, with STAND TYPE",Piece,8
CAL,3/30/2017,2017-03-183,09-038,"INKJET CARTRIDGE, HP704, BLACK",Piece,2
CAL,3/30/2017,2017-03-183,09-039,"INKJET CARTRIDGE,HP704, COLORED",Piece,2
CAL,3/30/2017,2017-03-228,09-038,"INKJET CARTRIDGE, HP704, BLACK",Piece,8
CAL,3/30/2017,2017-03-228,09-039,"INKJET CARTRIDGE,HP704, COLORED",Piece,8
CAL,4/30/2017,17-04-275,01-003,"ALCOHOL, RUBBING, 70%",Bottle,1
CAL,4/30/2017,17-04-275,07-001,"GLUE,  ALL PURPOSE IN JAR W/APPLICATOR 300 GRAMS",Bottle,3
CAL,4/30/2017,17-04-275,18-008,RUBBER BAND,Boxes,3
CAL,4/30/2017,17-04-275,02-005,BALLPEN FINE POINT BLUE ,Piece,12
CAL,4/30/2017,17-04-275,20-002,"TAPE MASKING 1"", 24MM ",Piece,2
CAL,4/30/2017,17-04-275,20-008,"TAPE, TRANSPARENT, 2  24 MM ARMAK BRAND """,Piece,5
CAL,4/30/2017,17-04-275,16-001,"PAPER BOND WHITE LONG, 70 GSM PG 8-1/2 X 13""""",Reams,20
CAL,4/30/2017,17-04-275,16-002,"PAPER BOND ,WHITE, SHORT, 70 GSM",Reams,10
CBA,1/30/2017,17-01-006,09-019,"INKJET CARTRIDGE, HP #CD887AA (HP703)/D730/SERIES#736 BLACK",Piece,5
CBA,1/30/2017,17-01-006,09-020,"INKJET CARTRIDGE, HP #CD888AA (HP703)/D730/SERIES#735 COLORED",Piece,6
CBA,1/30/2017,17-01-063,01-003,"ALCOHOL, RUBBING, 70%",Bottle,3
CBA,1/30/2017,17-01-063,03-028,"CLIP, BACKFOLD, 50MM(2)  ALL METAL, 12PCS/BOX",Boxes,10
CBA,1/30/2017,17-01-063,01-002,AIR FRESHNER ,Cans,3
CBA,1/30/2017,17-01-063,20-064,"TONER CARTRIDGE, MX-238FTI-3A, MODEL AR-6023N, BLACK",Cart,1
CBA,1/30/2017,17-01-063,02-004,BALLPEN FINE POINT BLACK (12pcs./Box),Piece,24
CBA,1/30/2017,17-01-063,03-020,CORRECTION FLUID WATER BASE 15 ML,Piece,12
CBA,1/30/2017,17-01-063,03-021,"CORRECTION TAPE, DISPOSABLE, USABLE LENGTH OF 6MTRS. THICKNESS  ",Piece,12
CBA,1/30/2017,17-01-063,05-001,ENVELOPE DOCUMENTARY -GOLDEN KRAFT BROWN LONG 10 X 15,Piece,100
CBA,1/30/2017,17-01-063,09-019,"INKJET CARTRIDGE, HP #CD887AA (HP703)/D730/SERIES#736 BLACK",Piece,10
CBA,1/30/2017,17-01-063,09-020,"INKJET CARTRIDGE, HP #CD888AA (HP703)/D730/SERIES#735 COLORED",Piece,6
CBA,1/30/2017,17-01-063,19-003,"SIGNPEN, BLACK, LIQUID GEL INK, 0.5MM NEEDLE TIP, PENTEL ENERJEL BRAND",Piece,12
CBA,1/30/2017,17-01-063,20-002,"TAPE MASKING 1"", 24MM ",Piece,20
CBA,1/30/2017,17-01-063,20-007,"TAPE, TRANSPARENT, 1"" 24 MM ARMAK BRAND",Piece,20
CBA,1/30/2017,17-01-063,20-010,"TOILET, TISSUE PAPER, 2PLY SHEET/12RLS /PACK",Piece,30
CBA,1/30/2017,17-01-063,16-001,"PAPER BOND WHITE LONG, 70 GSM PG 8-1/2 X 13""""",Reams,50
CBA,1/30/2017,17-01-063,16-014,"PAPER BOND WHITE SHORT, SUBS. A4 GOOD QUALITY",Reams,50
CBA,1/30/2017,17-01-078,01-003,"ALCOHOL, RUBBING, 70%",Bottle,3
CBA,1/30/2017,17-01-078,01-002,AIR FRESHNER ,Cans,1
CBA,1/30/2017,17-01-078,02-004,BALLPEN FINE POINT BLACK (12pcs./Box),Piece,12
CBA,1/30/2017,17-01-078,03-021,"CORRECTION TAPE, DISPOSABLE, USABLE LENGTH OF 6MTRS. THICKNESS  ",Piece,4
CBA,1/30/2017,17-01-078,05-001,ENVELOPE DOCUMENTARY -GOLDEN KRAFT BROWN LONG 10 X 15,Piece,100
CBA,1/30/2017,17-01-078,09-019,"INKJET CARTRIDGE, HP #CD887AA (HP703)/D730/SERIES#736 BLACK",Piece,10
CBA,1/30/2017,17-01-078,09-020,"INKJET CARTRIDGE, HP #CD888AA (HP703)/D730/SERIES#735 COLORED",Piece,6
CBA,1/30/2017,17-01-078,19-003,"SIGNPEN, BLACK, LIQUID GEL INK, 0.5MM NEEDLE TIP, PENTEL ENERJEL BRAND",Piece,10
CBA,1/30/2017,17-01-078,20-002,"TAPE MASKING 1"", 24MM ",Piece,6
CBA,1/30/2017,17-01-078,20-007,"TAPE, TRANSPARENT, 1"" 24 MM ARMAK BRAND",Piece,5
CBA,1/30/2017,17-01-078,20-010,"TOILET, TISSUE PAPER, 2PLY SHEET/12RLS /PACK",Piece,8
CBA,1/30/2017,17-01-078,16-001,"PAPER BOND WHITE LONG, 70 GSM PG 8-1/2 X 13""""",Reams,20
CBA ,2/28/2017,17-02-154,19-010,"STAPLER, HEAVY DUTY",Piece,4
CBA ,2/28/2017,17-02-154,20-010,"TOILET, TISSUE PAPER, 2PLY SHEET/12RLS /PACK",Piece,12
CBA ,2/28/2017,17-02-154,16-002,"PAPER BOND ,WHITE, SHORT, 70 GSM",Reams,50
CBA ,2/28/2017,17-02-154,16-003,"PAPER, MIMEO WHITE WOVE 70 GSM, LONG",Reams,30
CBA,3/30/2017,2017-03-186,20-076,"TONER CARTRIDGE, MX-237FT",Cart,1
CBA,3/30/2017,2017-03-233,16-013,"PUSH PIN, FLAT HEAD TYPE , ASSORTED COLORS, 100PCS/CASE",Boxes,3
CBA,3/30/2017,2017-03-233,18-008,RUBBER BAND,Boxes,5
CBA,3/30/2017,2017-03-233,02-004,BALLPEN FINE POINT BLACK (12pcs./Box),Piece,12
CBA,3/30/2017,2017-03-233,03-003,"CARTOLINA, ASSORTED COLORS",Piece,60
CBA,3/30/2017,2017-03-233,09-032,INK EPSON L110 (CYAN),Piece,4
CBA,3/30/2017,2017-03-233,09-033,INK EPSON L110 (MAGENTA),Piece,4
CBA,3/30/2017,2017-03-233,09-034,INK EPSON L110 (YELLOW),Piece,4
CBA,3/30/2017,2017-03-233,20-002,"TAPE MASKING 1"", 24MM ",Piece,20
CBA,5/31/2017,17-05-332,03-006,"CLIP PAPER, GEM TYPE 32MM (1""), VINYL COATED, 100/BOX RAINBOW",Boxes,20
CBA,5/31/2017,17-05-332,03-007,"CLIP PAPER, GEM TYPE 50MM (2""), VINYL COATED, 100/BOX RAINBOW",Boxes,10
CBA,5/31/2017,17-05-332,03-028,"CLIP, BACKFOLD, 50MM(2)  ALL METAL, 12PCS/BOX",Boxes,24
CBA,5/31/2017,17-05-332,01-001,"ACETATE, TRANSPARENT. 1.20 MTRS. MIN. WIDTH, 50meters/roll",Meters,50
CBA,5/31/2017,17-05-332,03-003,"CARTOLINA, ASSORTED COLORS",Piece,100
CBA,5/31/2017,17-05-332,03-021,"CORRECTION TAPE, DISPOSABLE, USABLE LENGTH OF 6MTRS. THICKNESS  ",Piece,4
CBA,5/31/2017,17-05-332,05-001,ENVELOPE DOCUMENTARY -GOLDEN KRAFT BROWN LONG 10 X 15,Piece,500
CBA,5/31/2017,17-05-332,05-002,ENVELOPE DOCUMENTARY SHORT 150 GSM 9 X 12,Piece,150
CBA,5/31/2017,17-05-332,05-003,"ENVELOPE EXPANDING, LONG ",Piece,100
CBA,5/31/2017,17-05-332,06-016,FOLDER LONG TAG BOARD 14 POINTS LEGAL SIZE,Piece,500
CBA,5/31/2017,17-05-332,16-009,PENCIL LEAD W/ ERASER,Piece,12
CBA,5/31/2017,17-05-332,20-007,"TAPE, TRANSPARENT, 1"" 24 MM ARMAK BRAND",Piece,7
CBA,5/31/2017,17-05-332,16-001,"PAPER BOND WHITE LONG, 70 GSM PG 8-1/2 X 13""""",Reams,15
CBA,5/31/2017,17-05-332,16-002,"PAPER BOND ,WHITE, SHORT, 70 GSM",Reams,5
CCIS,1/30/2017,17-01-071,01-003,"ALCOHOL, RUBBING, 70%",Bottle,3
CCIS,1/30/2017,17-01-071,03-006,"CLIP PAPER, GEM TYPE 32MM (1""), VINYL COATED, 100/BOX RAINBOW",Boxes,5
CCIS,1/30/2017,17-01-071,06-007,"FASTENER, METAL",Boxes,5
CCIS,1/30/2017,17-01-071,19-008,"STAPLE WIRE, Standard, No.35                                                               ",Boxes,2
CCIS,1/30/2017,17-01-071,04-002,"DVD, REWRITABLE ",Piece,25
CCIS,1/30/2017,17-01-071,05-001,ENVELOPE DOCUMENTARY -GOLDEN KRAFT BROWN LONG 10 X 15,Piece,50
CCIS,1/30/2017,17-01-071,05-007,"ERASER, BLACKBOARD",Piece,12
CCIS,1/30/2017,17-01-071,06-009,"FLASH DRIVE 16GB, USB VERSION 2.0 PORT COMPATIBLE, PLUG AND PLAY APACER BRAND",Piece,3
CCIS,1/30/2017,17-01-071,06-016,FOLDER LONG TAG BOARD 14 POINTS LEGAL SIZE,Piece,50
CCIS,1/30/2017,17-01-071,06-017,FOLDER SHORT TAG BOARD 14 POINTS LETTER SIZE                                    ,Piece,50
CCIS,1/30/2017,17-01-071,09-031,INK EPSON L110 (BLACK),Piece,5
CCIS,1/30/2017,17-01-071,09-032,INK EPSON L110 (CYAN),Piece,5
CCIS,1/30/2017,17-01-071,09-033,INK EPSON L110 (MAGENTA),Piece,5
CCIS,1/30/2017,17-01-071,09-034,INK EPSON L110 (YELLOW),Piece,5
CCIS,1/30/2017,17-01-071,13-001,"MAGAZINE FILE, LONG DBM",Piece,10
CCIS,1/30/2017,17-01-071,13-004,MARKING PEN PERMANENT BLACK,Piece,12
CCIS,1/30/2017,17-01-071,13-007,"MARKING PEN WHITEBOARD, BLACK",Piece,12
CCIS,1/30/2017,17-01-071,18-001,"RECORD BOOK , 300 PAGES",Piece,4
CCIS,1/30/2017,17-01-071,19-003,"SIGNPEN, BLACK, LIQUID GEL INK, 0.5MM NEEDLE TIP, PENTEL ENERJEL BRAND",Piece,8
CCIS,1/30/2017,17-01-071,20-002,"TAPE MASKING 1"", 24MM ",Piece,4
CCIS,1/30/2017,17-01-071,20-010,"TOILET, TISSUE PAPER, 2PLY SHEET/12RLS /PACK",Piece,10
CCIS,1/30/2017,17-01-071,20-046,"TAPE, PACKAGING, 2""",Piece,4
CCIS,1/30/2017,17-01-071,16-001,"PAPER BOND WHITE LONG, 70 GSM PG 8-1/2 X 13""""",Reams,5
CCIS,4/30/2017,17-04-253,01-003,"ALCOHOL, RUBBING, 70%",Bottle,4
CCIS,4/30/2017,17-04-253,07-001,"GLUE,  ALL PURPOSE IN JAR W/APPLICATOR 300 GRAMS",Bottle,4
CCIS,4/30/2017,17-04-253,19-007,"STAMP PAD, INK, 50ml",Bottle,4
CCIS,4/30/2017,17-04-253,03-005,"CHALK WHITE DUSTLESS, DURA SMOOTH, 100/BXS ",Boxes,300
CCIS,4/30/2017,17-04-253,03-006,"CLIP PAPER, GEM TYPE 32MM (1""), VINYL COATED, 100/BOX RAINBOW",Boxes,5
CCIS,4/30/2017,17-04-253,03-007,"CLIP PAPER, GEM TYPE 50MM (2""), VINYL COATED, 100/BOX RAINBOW",Boxes,5
CCIS,4/30/2017,17-04-253,03-008,"CLIP, BACKFOLD, 19MM ("") ALL METAL, 12PCS/BOX",Boxes,3
CCIS,4/30/2017,17-04-253,06-008,"FASTENER, PLASTIC PRINCE",Boxes,10
CCIS,4/30/2017,17-04-253,09-003,"INDEX TAB, SELF-ADHESIVE ",Boxes,10
CCIS,4/30/2017,17-04-253,18-008,RUBBER BAND,Boxes,3
CCIS,4/30/2017,17-04-253,19-008,"STAPLE WIRE, Standard, No.35                                                               ",Boxes,7
CCIS,4/30/2017,17-04-253,02-004,BALLPEN FINE POINT BLACK (12pcs./Box),Piece,15
CCIS,4/30/2017,17-04-253,02-005,BALLPEN FINE POINT BLUE ,Piece,15
CCIS,4/30/2017,17-04-253,02-006,BALLPEN FINE POINT RED,Piece,15
CCIS,4/30/2017,17-04-253,06-016,FOLDER LONG TAG BOARD 14 POINTS LEGAL SIZE,Piece,100
CCIS,4/30/2017,17-04-253,13-003,"MARKER, HIGHLIGHTER ASSORTED, NON TOXIC SMELL",Piece,10
CCIS,4/30/2017,17-04-253,13-004,MARKING PEN PERMANENT BLACK,Piece,12
CCIS,4/30/2017,17-04-253,13-005,MARKING PEN PERMANENT BLUE,Piece,12
CCIS,4/30/2017,17-04-253,13-006,MARKING PEN PERMANENT RED,Piece,12
CCIS,4/30/2017,17-04-253,18-001,"RECORD BOOK , 300 PAGES",Piece,4
CCIS,4/30/2017,17-04-253,19-009,"STAPLE WIRE, REMOVER",Piece,3
CCIS,4/30/2017,17-04-253,20-002,"TAPE MASKING 1"", 24MM ",Piece,10
CCIS,4/30/2017,17-04-253,20-007,"TAPE, TRANSPARENT, 1"" 24 MM ARMAK BRAND",Piece,10
CCIS,4/30/2017,17-04-253,20-017,"TONER CARTRIDGE, HP LASER JET 1200 C7115A BLACK",Piece,5
CCIS,4/30/2017,17-04-253,20-049,"TONER, COPIER KYOCERA FS-6525MFP  TK-479",Piece,5
CCIS,4/30/2017,17-04-253,20-057,"TONER, KYOCERA ECOSYS FS-1040, TK-1114",Piece,5
CCIS,4/30/2017,17-04-253,16-001,"PAPER BOND WHITE LONG, 70 GSM PG 8-1/2 X 13""""",Reams,20
CCIS,4/30/2017,17-04-253,16-002,"PAPER BOND ,WHITE, SHORT, 70 GSM",Reams,20
CCIS,4/30/2017,17-04-253,16-003,"PAPER, MIMEO WHITE WOVE 70 GSM, LONG",Reams,15
CCIS,5/31/2017,17-05-337,01-003,"ALCOHOL, RUBBING, 70%",Bottle,2
CCIS,5/31/2017,17-05-337,03-006,"CLIP PAPER, GEM TYPE 32MM (1""), VINYL COATED, 100/BOX RAINBOW",Boxes,3
CCIS,5/31/2017,17-05-337,06-008,"FASTENER, PLASTIC PRINCE",Boxes,2
CCIS,5/31/2017,17-05-337,19-008,"STAPLE WIRE, Standard, No.35                                                               ",Boxes,2
CCIS,5/31/2017,17-05-337,04-002,"DVD, REWRITABLE ",Piece,5
CCIS,5/31/2017,17-05-337,05-001,ENVELOPE DOCUMENTARY -GOLDEN KRAFT BROWN LONG 10 X 15,Piece,20
CCIS,5/31/2017,17-05-337,05-007,"ERASER, BLACKBOARD",Piece,9
CCIS,5/31/2017,17-05-337,06-016,FOLDER LONG TAG BOARD 14 POINTS LEGAL SIZE,Piece,20
CCIS,5/31/2017,17-05-337,06-017,FOLDER SHORT TAG BOARD 14 POINTS LETTER SIZE                                    ,Piece,20
CCIS,5/31/2017,17-05-337,09-031,INK EPSON L110 (BLACK),Piece,5
CCIS,5/31/2017,17-05-337,09-032,INK EPSON L110 (CYAN),Piece,3
CCIS,5/31/2017,17-05-337,09-033,INK EPSON L110 (MAGENTA),Piece,3
CCIS,5/31/2017,17-05-337,09-034,INK EPSON L110 (YELLOW),Piece,3
CCIS,5/31/2017,17-05-337,13-001,"MAGAZINE FILE, LONG DBM",Piece,10
CCIS,5/31/2017,17-05-337,13-004,MARKING PEN PERMANENT BLACK,Piece,12
CCIS,5/31/2017,17-05-337,18-001,"RECORD BOOK , 300 PAGES",Piece,4
CCIS,5/31/2017,17-05-337,20-002,"TAPE MASKING 1"", 24MM ",Piece,4
CCIS,5/31/2017,17-05-337,20-046,"TAPE, PACKAGING, 2""",Piece,4
CCIS,5/31/2017,17-05-337,16-001,"PAPER BOND WHITE LONG, 70 GSM PG 8-1/2 X 13""""",Reams,10
CCIS,5/31/2017,17-05-337,16-002,"PAPER BOND ,WHITE, SHORT, 70 GSM",Reams,10
CCIS,5/31/2017,17-05-337,16-014,"PAPER BOND WHITE SHORT, SUBS. A4 GOOD QUALITY",Reams,3
CCW,1/30/2017,17-01-077,01-003,"ALCOHOL, RUBBING, 70%",Bottle,2
CCW,1/30/2017,17-01-077,19-008,"STAPLE WIRE, Standard, No.35                                                               ",Boxes,5
CCW,1/30/2017,17-01-077,06-009,"FLASH DRIVE 16GB, USB VERSION 2.0 PORT COMPATIBLE, PLUG AND PLAY APACER BRAND",Piece,2
CCW,1/30/2017,17-01-077,13-004,MARKING PEN PERMANENT BLACK,Piece,10
CCW,1/30/2017,17-01-077,19-001,"SCISSORS, 158MM MIN. LENGTH, SYMMETRICAL, JOY BRAND",Piece,2
CCW,1/30/2017,17-01-077,19-003,"SIGNPEN, BLACK, LIQUID GEL INK, 0.5MM NEEDLE TIP, PENTEL ENERJEL BRAND",Piece,10
CCW,1/30/2017,17-01-077,20-006,"TAPE, PACKAGING, 2""",Piece,3
CCW,1/30/2017,17-01-077,20-057,"TONER, KYOCERA ECOSYS FS-1040, TK-1114",Piece,2
CCW,1/30/2017,17-01-077,16-001,"PAPER BOND WHITE LONG, 70 GSM PG 8-1/2 X 13""""",Reams,10
CCW,3/30/2017,2017-03-226,01-003,"ALCOHOL, RUBBING, 70%",Bottle,4
CCW,3/30/2017,2017-03-226,03-009,"CLIP, BACKFOLD, 25MM (1"") ALL METAL, 12PCS/BOX",Boxes,36
CCW,3/30/2017,2017-03-226,03-028,"CLIP, BACKFOLD, 50MM(2)  ALL METAL, 12PCS/BOX",Boxes,12
CCW,3/30/2017,2017-03-226,04-004,"DATING MACHINE, STAMP",Piece,1
CCW,3/30/2017,2017-03-226,05-001,ENVELOPE DOCUMENTARY -GOLDEN KRAFT BROWN LONG 10 X 15,Piece,500
CCW,3/30/2017,2017-03-226,05-003,"ENVELOPE EXPANDING, LONG ",Piece,25
CCW,3/30/2017,2017-03-226,06-003,"FAN, ELECTRIC, with STAND TYPE",Piece,2
CCW,3/30/2017,2017-03-226,13-004,MARKING PEN PERMANENT BLACK,Piece,10
CCW,3/30/2017,2017-03-226,13-013,"MAGAZINE FILE, W/ COVER, (cartile w/ operable cover holds up to A4 and Legal)",Piece,8
CCW,3/30/2017,2017-03-226,19-001,"SCISSORS, 158MM MIN. LENGTH, SYMMETRICAL, JOY BRAND",Piece,2
CCW,3/30/2017,2017-03-226,20-046,"TAPE, PACKAGING, 2""",Piece,5
CCW,3/30/2017,2017-03-226,16-001,"PAPER BOND WHITE LONG, 70 GSM PG 8-1/2 X 13""""",Reams,10
CDPSO,1/30/2017,17-01-054,20-016,"TONER CARTRDGE, HP LASER JET 85A (CE285AC) (P1102)",Piece,10
CDPSO,3/30/2017,2017-03-185,13-001,"MAGAZINE FILE, LONG DBM",Piece,20
CDPSO,3/30/2017,2017-03-235,01-003,"ALCOHOL, RUBBING, 70%",Bottle,5
CDPSO,3/30/2017,2017-03-235,19-008,"STAPLE WIRE, Standard, No.35                                                               ",Boxes,10
CDPSO,3/30/2017,2017-03-235,14-004,"NOTE PAD, STICK-ON (3X3"") 100 SHEETS PER PAD""",Pad,12
CDPSO,3/30/2017,2017-03-235,02-005,BALLPEN FINE POINT BLUE ,Piece,10
CDPSO,3/30/2017,2017-03-235,03-029,"CALCULATOR, 12 DIGITS, TWO WAY POWER ",Piece,3
CDPSO,3/30/2017,2017-03-235,04-003,"DATA FOLDER, LONG ",Piece,100
CDPSO,3/30/2017,2017-03-235,05-001,ENVELOPE DOCUMENTARY -GOLDEN KRAFT BROWN LONG 10 X 15,Piece,500
CDPSO,3/30/2017,2017-03-235,05-006,"ENVELOPE, MAILING, WHITE,  500/BX LONG ",Piece,200
CDPSO,3/30/2017,2017-03-235,05-009,"ENVELOPE, MAILING, WINDOW,  WHITE,  500/BX LONG ",Piece,100
CDPSO,3/30/2017,2017-03-235,06-003,"FAN, ELECTRIC, with STAND TYPE",Piece,2
CDPSO,3/30/2017,2017-03-235,06-020,"FOLDER, PRESSBOARD , SHORT PAPER BOARD.,100/PACK                     ",Piece,100
CDPSO,3/30/2017,2017-03-235,12-002,L-TYPE PLASTIC FOLDER,Piece,15
CDPSO,3/30/2017,2017-03-235,13-001,"MAGAZINE FILE, LONG DBM",Piece,16
CDPSO,3/30/2017,2017-03-235,13-003,"MARKER, HIGHLIGHTER ASSORTED, NON TOXIC SMELL",Piece,18
CDPSO,3/30/2017,2017-03-235,13-004,MARKING PEN PERMANENT BLACK,Piece,24
CDPSO,3/30/2017,2017-03-235,19-001,"SCISSORS, 158MM MIN. LENGTH, SYMMETRICAL, JOY BRAND",Piece,5
CDPSO,3/30/2017,2017-03-235,19-010,"STAPLER, HEAVY DUTY",Piece,5
CDPSO,3/30/2017,2017-03-235,20-002,"TAPE MASKING 1"", 24MM ",Piece,12
CDPSO,3/30/2017,2017-03-235,20-010,"TOILET, TISSUE PAPER, 2PLY SHEET/12RLS /PACK",Piece,12
CDPSO,3/30/2017,2017-03-235,20-030,"TONER FOR  KYOCERA MITA, MODEL KM-2820 (TK-135)",Piece,3
CDPSO,3/30/2017,2017-03-235,20-046,"TAPE, PACKAGING, 2""",Piece,12
CDPSO,3/30/2017,2017-03-235,23-001,"WASTE BASKET, NON-RIGID PLASTIC, SQUARE, OVAL OR ROUND SHAPE, ASSORTED COLORS ",Piece,5
CDPSO,3/30/2017,2017-03-235,16-001,"PAPER BOND WHITE LONG, 70 GSM PG 8-1/2 X 13""""",Reams,20
CDPSO,3/30/2017,2017-03-235,16-002,"PAPER BOND ,WHITE, SHORT, 70 GSM",Reams,20
Center for Language and Literature Studies,3/14/2018,18-03-076,01-003,"ALCOHOL, RUBBING, 70%",Bottle,2
Center for Language and Literature Studies,3/14/2018,18-03-076,18-008,RUBBER BAND,Boxes,1
Center for Language and Literature Studies,3/14/2018,18-03-076,01-002,AIR FRESHNER ,Cans,1
Center for Language and Literature Studies,3/14/2018,18-03-076,02-004,BALLPEN FINE POINT BLACK (12pcs./Box),Piece,1
Center for Language and Literature Studies,3/14/2018,18-03-076,02-005,BALLPEN FINE POINT BLUE ,Piece,6
Center for Language and Literature Studies,3/14/2018,18-03-076,03-029,"CALCULATOR, 12 DIGITS, TWO WAY POWER ",Piece,1
Center for Language and Literature Studies,3/14/2018,18-03-076,05-003,"ENVELOPE EXPANDING, LONG ",Piece,50
Center for Language and Literature Studies,3/14/2018,18-03-076,06-019,"FOLDER, PRESSBOARD , LEGAL PAPER BOARD.,100/PACK                     ",Piece,1
Center for Language and Literature Studies,3/14/2018,18-03-076,13-003,"MARKER, HIGHLIGHTER ASSORTED, NON TOXIC SMELL",Piece,1
Center for Language and Literature Studies,3/14/2018,18-03-076,13-004,MARKING PEN PERMANENT BLACK,Piece,6
Center for Language and Literature Studies,3/14/2018,18-03-076,13-005,MARKING PEN PERMANENT BLUE,Piece,3
Center for Language and Literature Studies,3/14/2018,18-03-076,16-010,PENCIL SHARPENER,Piece,2
Center for Language and Literature Studies,3/14/2018,18-03-076,18-001,"RECORD BOOK , 300 PAGES",Piece,2
Center for Language and Literature Studies,3/14/2018,18-03-076,18-010,"RULER, 18""",Piece,1
Center for Language and Literature Studies,3/14/2018,18-03-076,19-003,"SIGNPEN, BLACK, LIQUID GEL INK, 0.5MM NEEDLE TIP, PENTEL ENERJEL BRAND",Piece,4
Center for Language and Literature Studies,3/14/2018,18-03-076,19-010,"STAPLER, HEAVY DUTY",Piece,1
Center for Language and Literature Studies,3/14/2018,18-03-076,20-002,"TAPE MASKING 1"", 24MM ",Piece,2
Center for Language and Literature Studies,3/14/2018,18-03-076,20-003,"TAPE MASKING 2"", 48MM ",Piece,2
Center for Language and Literature Studies,3/14/2018,18-03-076,20-006,"TAPE, PACKAGING, 2""",Piece,2
Center for Language and Literature Studies,3/14/2018,18-03-076,20-007,"TAPE, TRANSPARENT, 1"" 24 MM ARMAK BRAND",Piece,1
Center for Language and Literature Studies,3/14/2018,18-03-076,20-008,"TAPE, TRANSPARENT, 2  24 MM ARMAK BRAND """,Piece,1
Center for Language and Literature Studies,3/14/2018,18-03-076,16-002,"PAPER BOND ,WHITE, SHORT, 70 GSM",Reams,5
Center for Language and Literature Studies,3/14/2018,18-03-076,03-022,"CUTTER BLADE, HEAVY DUTY 18MM WIDTH, 10PCS/TUBE ",Tubes,1
Center for Peace and Poverty Alleviation and Community Development Studies,3/27/2018,18-03-091,03-009,"CLIP, BACKFOLD, 25MM (1"") ALL METAL, 12PCS/BOX",Boxes,2
Center for Peace and Poverty Alleviation and Community Development Studies,3/27/2018,18-03-091,03-028,"CLIP, BACKFOLD, 50MM(2)  ALL METAL, 12PCS/BOX",Boxes,1
Center for Peace and Poverty Alleviation and Community Development Studies,3/27/2018,18-03-091,03-003,"CARTOLINA, ASSORTED COLORS",Piece,1
Center for Peace and Poverty Alleviation and Community Development Studies,3/27/2018,18-03-091,05-003,"ENVELOPE EXPANDING, LONG ",Piece,1
Center for Peace and Poverty Alleviation and Community Development Studies,3/27/2018,18-03-091,06-003,"FAN, ELECTRIC, with STAND TYPE",Piece,1
CES,3/30/2017,2017-03-218,20-051,"TONER, CART. HP 127FN, HP83A",Piece,3
CHK,1/30/2017,17-01-020,07-001,"GLUE,  ALL PURPOSE IN JAR W/APPLICATOR 300 GRAMS",Bottle,6
CHK,1/30/2017,17-01-020,19-007,"STAMP PAD, INK, 50ml",Bottle,5
CHK,1/30/2017,17-01-020,03-005,"CHALK WHITE DUSTLESS, DURA SMOOTH, 100/BXS ",Boxes,6000
CHK,1/30/2017,17-01-020,03-003,"CARTOLINA, ASSORTED COLORS",Piece,100
CHK,1/30/2017,17-01-020,05-003,"ENVELOPE EXPANDING, LONG ",Piece,100
CHK,1/30/2017,17-01-020,06-016,FOLDER LONG TAG BOARD 14 POINTS LEGAL SIZE,Piece,100
CHK,1/30/2017,17-01-020,06-017,FOLDER SHORT TAG BOARD 14 POINTS LETTER SIZE                                    ,Piece,100
CHK,1/30/2017,17-01-020,20-002,"TAPE MASKING 1"", 24MM ",Piece,10
CHK,1/30/2017,17-01-020,20-007,"TAPE, TRANSPARENT, 1"" 24 MM ARMAK BRAND",Piece,10
CHK,1/30/2017,17-01-020,20-016,"TONER CARTRDGE, HP LASER JET 85A (CE285AC) (P1102)",Piece,2
CHK,1/30/2017,17-01-020,20-046,"TAPE, PACKAGING, 2""",Piece,1
CHK,2/28/2017,17-02-124,16-012,PUNCHER,Piece,1
CHK,2/28/2017,17-02-124,19-010,"STAPLER, HEAVY DUTY",Piece,1
CHK,2/28/2017,17-02-124,20-010,"TOILET, TISSUE PAPER, 2PLY SHEET/12RLS /PACK",Piece,12
CLSR/ISTR,1/30/2017,17-01-004,16-013,"PUSH PIN, FLAT HEAD TYPE , ASSORTED COLORS, 100PCS/CASE",Boxes,2
CLSR/ISTR,1/30/2017,17-01-004,13-001,"MAGAZINE FILE, LONG DBM",Piece,10
CMCISR,1/30/2017,17-01-059,13-001,"MAGAZINE FILE, LONG DBM",Piece,10
CMO,1/30/2017,17-01-003,19-007,"STAMP PAD, INK, 50ml",Bottle,2
CMO,1/30/2017,17-01-003,03-006,"CLIP PAPER, GEM TYPE 32MM (1""), VINYL COATED, 100/BOX RAINBOW",Boxes,3
CMO,1/30/2017,17-01-003,03-008,"CLIP, BACKFOLD, 19MM ("") ALL METAL, 12PCS/BOX",Boxes,1
CMO,1/30/2017,17-01-003,03-009,"CLIP, BACKFOLD, 25MM (1"") ALL METAL, 12PCS/BOX",Boxes,2
CMO,1/30/2017,17-01-003,03-027,"CLIP, BACKFOLD, 32MM(1 1/4)  ALL METAL, 12PCS/BOX",Boxes,2
CMO,1/30/2017,17-01-003,18-008,RUBBER BAND,Boxes,2
CMO,1/30/2017,17-01-003,02-004,BALLPEN FINE POINT BLACK (12pcs./Box),Piece,20
CMO,1/30/2017,17-01-003,03-021,"CORRECTION TAPE, DISPOSABLE, USABLE LENGTH OF 6MTRS. THICKNESS  ",Piece,5
CMO,1/30/2017,17-01-003,04-002,"DVD, REWRITABLE ",Piece,20
CMO,1/30/2017,17-01-003,09-031,INK EPSON L110 (BLACK),Piece,3
CMO,1/30/2017,17-01-003,09-032,INK EPSON L110 (CYAN),Piece,2
CMO,1/30/2017,17-01-003,09-033,INK EPSON L110 (MAGENTA),Piece,2
CMO,1/30/2017,17-01-003,09-034,INK EPSON L110 (YELLOW),Piece,2
CMO,1/30/2017,17-01-003,13-001,"MAGAZINE FILE, LONG DBM",Piece,10
CMO,1/30/2017,17-01-003,13-007,"MARKING PEN WHITEBOARD, BLACK",Piece,10
CMO,1/30/2017,17-01-003,19-003,"SIGNPEN, BLACK, LIQUID GEL INK, 0.5MM NEEDLE TIP, PENTEL ENERJEL BRAND",Piece,5
CMO,1/30/2017,17-01-003,20-010,"TOILET, TISSUE PAPER, 2PLY SHEET/12RLS /PACK",Piece,20
CMO,1/30/2017,17-01-003,20-016,"TONER CARTRDGE, HP LASER JET 85A (CE285AC) (P1102)",Piece,3
CMO,1/30/2017,17-01-003,23-001,"WASTE BASKET, NON-RIGID PLASTIC, SQUARE, OVAL OR ROUND SHAPE, ASSORTED COLORS ",Piece,5
CMO,1/30/2017,17-01-003,16-001,"PAPER BOND WHITE LONG, 70 GSM PG 8-1/2 X 13""""",Reams,3
CMO,1/30/2017,17-01-003,16-014,"PAPER BOND WHITE SHORT, SUBS. A4 GOOD QUALITY",Reams,3
CMO,1/30/2017,17-01-082,02-007,BATTERY (AA) 2pcs/pack,Pack,12
CMO,1/30/2017,17-01-082,02-008,BATTERY (AAA) 2pcs/pack,Pack,12
CMO,1/30/2017,17-01-082,20-010,"TOILET, TISSUE PAPER, 2PLY SHEET/12RLS /PACK",Piece,10
CMO,1/30/2017,17-01-082,20-016,"TONER CARTRDGE, HP LASER JET 85A (CE285AC) (P1102)",Piece,5
CMO,1/30/2017,17-01-082,08-002,"HARD DRIVE, EXTERNAL, 1TB, 2.5mm HDD, 3.0 USB",Unit,3
CMO,2/28/2017,17-02-130,03-009,"CLIP, BACKFOLD, 25MM (1"") ALL METAL, 12PCS/BOX",Boxes,3
CMO,2/28/2017,17-02-130,03-028,"CLIP, BACKFOLD, 50MM(2)  ALL METAL, 12PCS/BOX",Boxes,3
CMO,2/28/2017,17-02-130,20-002,"TAPE MASKING 1"", 24MM ",Piece,5
CMO,2/28/2017,17-02-130,20-007,"TAPE, TRANSPARENT, 1"" 24 MM ARMAK BRAND",Piece,5
CMO,2/28/2017,17-02-130,16-002,"PAPER BOND ,WHITE, SHORT, 70 GSM",Reams,20
CMO,6/30/2017,17-06-410,03-006,"CLIP PAPER, GEM TYPE 32MM (1""), VINYL COATED, 100/BOX RAINBOW",Boxes,5
CMO,6/30/2017,17-06-410,03-007,"CLIP PAPER, GEM TYPE 50MM (2""), VINYL COATED, 100/BOX RAINBOW",Boxes,5
CMO,6/30/2017,17-06-410,04-002,"DVD, REWRITABLE ",Piece,20
CMO,6/30/2017,17-06-410,06-016,FOLDER LONG TAG BOARD 14 POINTS LEGAL SIZE,Piece,100
CMO,6/30/2017,17-06-410,13-001,"MAGAZINE FILE, LONG DBM",Piece,24
CMO,6/30/2017,17-06-410,16-012,PUNCHER,Piece,2
CMO,6/30/2017,17-06-410,20-002,"TAPE MASKING 1"", 24MM ",Piece,10
COA ,2/28/2017,17-02-133,01-003,"ALCOHOL, RUBBING, 70%",Bottle,4
COA ,2/28/2017,17-02-133,03-009,"CLIP, BACKFOLD, 25MM (1"") ALL METAL, 12PCS/BOX",Boxes,2
COA ,2/28/2017,17-02-133,18-008,RUBBER BAND,Boxes,2
COA ,2/28/2017,17-02-133,14-004,"NOTE PAD, STICK-ON (3X3"") 100 SHEETS PER PAD""",Pad,4
COA ,2/28/2017,17-02-133,04-003,"DATA FOLDER, LONG ",Piece,4
COA ,2/28/2017,17-02-133,19-010,"STAPLER, HEAVY DUTY",Piece,1
COA ,2/28/2017,17-02-133,16-014,"PAPER BOND WHITE SHORT, SUBS. A4 GOOD QUALITY",Reams,10
COC,3/30/2017,2017-03-195,01-003,"ALCOHOL, RUBBING, 70%",Bottle,3
COC,3/30/2017,2017-03-195,06-008,"FASTENER, PLASTIC PRINCE",Boxes,10
COC,3/30/2017,2017-03-195,19-008,"STAPLE WIRE, Standard, No.35                                                               ",Boxes,10
COC,3/30/2017,2017-03-195,02-004,BALLPEN FINE POINT BLACK (12pcs./Box),Piece,10
COC,3/30/2017,2017-03-195,05-001,ENVELOPE DOCUMENTARY -GOLDEN KRAFT BROWN LONG 10 X 15,Piece,500
COC,3/30/2017,2017-03-195,05-007,"ERASER, BLACKBOARD",Piece,15
COC,3/30/2017,2017-03-195,06-016,FOLDER LONG TAG BOARD 14 POINTS LEGAL SIZE,Piece,500
COC,3/30/2017,2017-03-195,09-005,INK CARTRIDGE FOR HP 840C/845 #C6615A(HP 15) BLACK,Piece,5
COC,3/30/2017,2017-03-195,13-004,MARKING PEN PERMANENT BLACK,Piece,15
COC,3/30/2017,2017-03-195,19-003,"SIGNPEN, BLACK, LIQUID GEL INK, 0.5MM NEEDLE TIP, PENTEL ENERJEL BRAND",Piece,8
COC,3/30/2017,2017-03-195,20-003,"TAPE MASKING 2"", 48MM ",Piece,5
COC,3/30/2017,2017-03-195,20-010,"TOILET, TISSUE PAPER, 2PLY SHEET/12RLS /PACK",Piece,12
COC,3/30/2017,2017-03-195,16-001,"PAPER BOND WHITE LONG, 70 GSM PG 8-1/2 X 13""""",Reams,15
COC,3/30/2017,2017-03-195,16-002,"PAPER BOND ,WHITE, SHORT, 70 GSM",Reams,15
COC,5/31/2017,17-05-316,01-003,"ALCOHOL, RUBBING, 70%",Bottle,3
COC,5/31/2017,17-05-316,06-007,"FASTENER, METAL",Boxes,10
COC,5/31/2017,17-05-316,19-008,"STAPLE WIRE, Standard, No.35                                                               ",Boxes,7
COC,5/31/2017,17-05-316,03-021,"CORRECTION TAPE, DISPOSABLE, USABLE LENGTH OF 6MTRS. THICKNESS  ",Piece,3
COC,5/31/2017,17-05-316,04-003,"DATA FOLDER, LONG ",Piece,100
COC,5/31/2017,17-05-316,05-007,"ERASER, BLACKBOARD",Piece,10
COC,5/31/2017,17-05-316,16-009,PENCIL LEAD W/ ERASER,Piece,12
COC,5/31/2017,17-05-316,20-003,"TAPE MASKING 2"", 48MM ",Piece,6
COC,5/31/2017,17-05-316,20-008,"TAPE, TRANSPARENT, 2  24 MM ARMAK BRAND """,Piece,6
COC,5/31/2017,17-05-316,20-039,TONER HP LASERJET PRINT CARTRIDGE 3050/Q2612AC,Piece,4
COC,5/31/2017,17-05-316,16-001,"PAPER BOND WHITE LONG, 70 GSM PG 8-1/2 X 13""""",Reams,15
COC,5/31/2017,17-05-316,16-002,"PAPER BOND ,WHITE, SHORT, 70 GSM",Reams,10
COC,5/31/2017,17-05-354,16-013,"PUSH PIN, FLAT HEAD TYPE , ASSORTED COLORS, 100PCS/CASE",Boxes,1
COC,5/31/2017,17-05-354,05-002,ENVELOPE DOCUMENTARY SHORT 150 GSM 9 X 12,Piece,500
COC,5/31/2017,17-05-354,05-002,ENVELOPE DOCUMENTARY SHORT 150 GSM 9 X 12,Piece,500
COC,5/31/2017,17-05-354,06-016,FOLDER LONG TAG BOARD 14 POINTS LEGAL SIZE,Piece,100
COC,5/31/2017,17-05-354,06-017,FOLDER SHORT TAG BOARD 14 POINTS LETTER SIZE                                    ,Piece,100
COC,5/31/2017,17-05-354,09-031,INK EPSON L110 (BLACK),Piece,3
COC,5/31/2017,17-05-354,09-032,INK EPSON L110 (CYAN),Piece,3
COC,5/31/2017,17-05-354,09-033,INK EPSON L110 (MAGENTA),Piece,3
COC,5/31/2017,17-05-354,09-034,INK EPSON L110 (YELLOW),Piece,3
COC,5/31/2017,17-05-354,13-004,MARKING PEN PERMANENT BLACK,Piece,2
COC,5/31/2017,17-05-354,13-005,MARKING PEN PERMANENT BLUE,Piece,2
COC,5/31/2017,17-05-354,13-006,MARKING PEN PERMANENT RED,Piece,2
COC,5/31/2017,17-05-354,18-001,"RECORD BOOK , 300 PAGES",Piece,5
COC,5/31/2017,17-05-354,16-001,"PAPER BOND WHITE LONG, 70 GSM PG 8-1/2 X 13""""",Reams,5
COC,5/31/2017,17-05-354,16-002,"PAPER BOND ,WHITE, SHORT, 70 GSM",Reams,5
COE,1/30/2017,17-01-085,06-007,"FASTENER, METAL",Boxes,3
COE,1/30/2017,17-01-085,18-008,RUBBER BAND,Boxes,1
COE,1/30/2017,17-01-085,19-008,"STAPLE WIRE, Standard, No.35                                                               ",Boxes,4
COE,1/30/2017,17-01-085,06-020,"FOLDER, PRESSBOARD , SHORT PAPER BOARD.,100/PACK                     ",Piece,30
COE,1/30/2017,17-01-085,09-031,INK EPSON L110 (BLACK),Piece,4
COE,1/30/2017,17-01-085,09-032,INK EPSON L110 (CYAN),Piece,4
COE,1/30/2017,17-01-085,09-033,INK EPSON L110 (MAGENTA),Piece,4
COE,1/30/2017,17-01-085,09-034,INK EPSON L110 (YELLOW),Piece,4
COE,1/30/2017,17-01-085,20-016,"TONER CARTRDGE, HP LASER JET 85A (CE285AC) (P1102)",Piece,1
COE,1/30/2017,17-01-085,20-049,"TONER, COPIER KYOCERA FS-6525MFP  TK-479",Piece,3
COE,1/30/2017,17-01-085,16-001,"PAPER BOND WHITE LONG, 70 GSM PG 8-1/2 X 13""""",Reams,10
COE,1/30/2017,17-01-085,16-014,"PAPER BOND WHITE SHORT, SUBS. A4 GOOD QUALITY",Reams,10
COE,2/28/2017,17-02-105,07-001,"GLUE,  ALL PURPOSE IN JAR W/APPLICATOR 300 GRAMS",Bottle,3
COE,2/28/2017,17-02-105,03-005,"CHALK WHITE DUSTLESS, DURA SMOOTH, 100/BXS ",Boxes,2000
COE,2/28/2017,17-02-105,06-007,"FASTENER, METAL",Boxes,3
COE,2/28/2017,17-02-105,19-008,"STAPLE WIRE, Standard, No.35                                                               ",Boxes,3
COE,2/28/2017,17-02-105,18-013,"RING BINDER, 19mm x 1.12m(3/4""x 44""), plastic"" 10pcs/pack",Pack,2
COE,2/28/2017,17-02-105,06-002,"FAN, ELECTRIC, ORBIT TYPE  18diameter  ",Piece,15
COE,2/28/2017,17-02-105,06-016,FOLDER LONG TAG BOARD 14 POINTS LEGAL SIZE,Piece,100
COE,2/28/2017,17-02-105,13-001,"MAGAZINE FILE, LONG DBM",Piece,12
COE,2/28/2017,17-02-105,13-004,MARKING PEN PERMANENT BLACK,Piece,12
COE,2/28/2017,17-02-105,13-006,MARKING PEN PERMANENT RED,Piece,12
COE,2/28/2017,17-02-105,19-010,"STAPLER, HEAVY DUTY",Piece,3
COE,2/28/2017,17-02-105,20-002,"TAPE MASKING 1"", 24MM ",Piece,12
COE,2/28/2017,17-02-105,20-007,"TAPE, TRANSPARENT, 1"" 24 MM ARMAK BRAND",Piece,12
COE,2/28/2017,17-02-105,20-057,"TONER, KYOCERA ECOSYS FS-1040, TK-1114",Piece,6
COE,2/28/2017,17-02-105,16-001,"PAPER BOND WHITE LONG, 70 GSM PG 8-1/2 X 13""""",Reams,10
COE,2/28/2017,17-02-105,16-002,"PAPER BOND ,WHITE, SHORT, 70 GSM",Reams,10
COE ,2/28/2017,17-02-112,06-016,FOLDER LONG TAG BOARD 14 POINTS LEGAL SIZE,Piece,50
COE ,2/28/2017,17-02-112,13-004,MARKING PEN PERMANENT BLACK,Piece,5
COE ,2/28/2017,17-02-112,16-002,"PAPER BOND ,WHITE, SHORT, 70 GSM",Reams,1
COE,2/28/2017,17-02-168,03-005,"CHALK WHITE DUSTLESS, DURA SMOOTH, 100/BXS ",Boxes,3000
COE,2/28/2017,17-02-168,01-002,AIR FRESHNER ,Cans,5
COE,2/28/2017,17-02-168,02-004,BALLPEN FINE POINT BLACK (12pcs./Box),Piece,12
COE,2/28/2017,17-02-168,05-001,ENVELOPE DOCUMENTARY -GOLDEN KRAFT BROWN LONG 10 X 15,Piece,100
COE,2/28/2017,17-02-168,05-007,"ERASER, BLACKBOARD",Piece,12
COE,2/28/2017,17-02-168,06-016,FOLDER LONG TAG BOARD 14 POINTS LEGAL SIZE,Piece,100
COE,2/28/2017,17-02-168,20-002,"TAPE MASKING 1"", 24MM ",Piece,10
COE,2/28/2017,17-02-168,20-007,"TAPE, TRANSPARENT, 1"" 24 MM ARMAK BRAND",Piece,10
COE,2/28/2017,17-02-168,20-049,"TONER, COPIER KYOCERA FS-6525MFP  TK-479",Piece,5
COE,2/28/2017,17-02-168,16-001,"PAPER BOND WHITE LONG, 70 GSM PG 8-1/2 X 13""""",Reams,40
COE,2/28/2017,17-02-168,16-002,"PAPER BOND ,WHITE, SHORT, 70 GSM",Reams,40
COE,3/30/2017,2017-03-215,13-013,"MAGAZINE FILE, W/ COVER, (cartile w/ operable cover holds up to A4 and Legal)",Piece,20
COE,3/30/2017,2017-03-240,06-002,"FAN, ELECTRIC, ORBIT TYPE  18diameter  ",Piece,11
COE,4/30/2017,17-04-287,07-001,"GLUE,  ALL PURPOSE IN JAR W/APPLICATOR 300 GRAMS",Bottle,4
COE,4/30/2017,17-04-287,18-008,RUBBER BAND,Boxes,4
COE,4/30/2017,17-04-287,02-004,BALLPEN FINE POINT BLACK (12pcs./Box),Piece,10
COE,4/30/2017,17-04-287,03-021,"CORRECTION TAPE, DISPOSABLE, USABLE LENGTH OF 6MTRS. THICKNESS  ",Piece,2
COE,4/30/2017,17-04-287,05-001,ENVELOPE DOCUMENTARY -GOLDEN KRAFT BROWN LONG 10 X 15,Piece,50
COE,4/30/2017,17-04-287,05-002,ENVELOPE DOCUMENTARY SHORT 150 GSM 9 X 12,Piece,20
COE,4/30/2017,17-04-287,13-003,"MARKER, HIGHLIGHTER ASSORTED, NON TOXIC SMELL",Piece,7
COE,4/30/2017,17-04-287,13-004,MARKING PEN PERMANENT BLACK,Piece,10
COE,4/30/2017,17-04-287,16-010,PENCIL SHARPENER,Piece,2
COE,4/30/2017,17-04-287,18-001,"RECORD BOOK , 300 PAGES",Piece,4
COE,4/30/2017,17-04-287,19-009,"STAPLE WIRE, REMOVER",Piece,5
COE,4/30/2017,17-04-287,20-002,"TAPE MASKING 1"", 24MM ",Piece,5
COE,4/30/2017,17-04-287,20-007,"TAPE, TRANSPARENT, 1"" 24 MM ARMAK BRAND",Piece,5
COE,4/30/2017,17-04-287,20-016,"TONER CARTRDGE, HP LASER JET 85A (CE285AC) (P1102)",Piece,1
COE,4/30/2017,17-04-287,16-001,"PAPER BOND WHITE LONG, 70 GSM PG 8-1/2 X 13""""",Reams,20
COE,4/30/2017,17-04-287,16-002,"PAPER BOND ,WHITE, SHORT, 70 GSM",Reams,15
COE,5/31/2017,17-05-314,06-004,"FAN, ELECTRIC, TABLE/DESK/FLOOR TYPE ",Piece,4
COE,5/31/2017,17-05-314,20-057,"TONER, KYOCERA ECOSYS FS-1040, TK-1114",Piece,2
COE,5/31/2017,17-05-314,16-001,"PAPER BOND WHITE LONG, 70 GSM PG 8-1/2 X 13""""",Reams,5
COE,5/31/2017,17-05-314,16-002,"PAPER BOND ,WHITE, SHORT, 70 GSM",Reams,5
COE,5/31/2017,17-05-362,18-008,RUBBER BAND,Boxes,2
COE,5/31/2017,17-05-362,09-031,INK EPSON L110 (BLACK),Piece,4
COE,5/31/2017,17-05-362,09-032,INK EPSON L110 (CYAN),Piece,2
COE,5/31/2017,17-05-362,09-033,INK EPSON L110 (MAGENTA),Piece,2
COE,5/31/2017,17-05-362,20-016,"TONER CARTRDGE, HP LASER JET 85A (CE285AC) (P1102)",Piece,1
COE,5/31/2017,17-05-362,16-001,"PAPER BOND WHITE LONG, 70 GSM PG 8-1/2 X 13""""",Reams,20
COE/CED,2/28/2017,17-02-125,03-006,"CLIP PAPER, GEM TYPE 32MM (1""), VINYL COATED, 100/BOX RAINBOW",Boxes,3
COE/CED,2/28/2017,17-02-125,06-007,"FASTENER, METAL",Boxes,3
COE/CED,2/28/2017,17-02-125,19-008,"STAPLE WIRE, Standard, No.35                                                               ",Boxes,3
COE/CED,2/28/2017,17-02-125,09-031,INK EPSON L110 (BLACK),Piece,6
COE/CED,2/28/2017,17-02-125,09-032,INK EPSON L110 (CYAN),Piece,6
COE/CED,2/28/2017,17-02-125,09-033,INK EPSON L110 (MAGENTA),Piece,6
COE/CED,2/28/2017,17-02-125,09-034,INK EPSON L110 (YELLOW),Piece,6
COE/CED,2/28/2017,17-02-125,20-007,"TAPE, TRANSPARENT, 1"" 24 MM ARMAK BRAND",Piece,3
COE/CED,2/28/2017,17-02-125,20-057,"TONER, KYOCERA ECOSYS FS-1040, TK-1114",Piece,1
COE/CED,2/28/2017,17-02-125,16-001,"PAPER BOND WHITE LONG, 70 GSM PG 8-1/2 X 13""""",Reams,15
COE/CED,2/28/2017,17-02-125,16-002,"PAPER BOND ,WHITE, SHORT, 70 GSM",Reams,15
COE/CED,4/30/2017,17-04-289,18-008,RUBBER BAND,Boxes,19
COE/CED,4/30/2017,17-04-289,01-002,AIR FRESHNER ,Cans,5
COE/CED,4/30/2017,17-04-289,18-013,"RING BINDER, 19mm x 1.12m(3/4""x 44""), plastic"" 10pcs/pack",Pack,12
COE/CED,4/30/2017,17-04-289,02-005,BALLPEN FINE POINT BLUE ,Piece,5
COE/CED,4/30/2017,17-04-289,06-016,FOLDER LONG TAG BOARD 14 POINTS LEGAL SIZE,Piece,100
COE/CED,4/30/2017,17-04-289,09-031,INK EPSON L110 (BLACK),Piece,8
COE/CED,4/30/2017,17-04-289,09-032,INK EPSON L110 (CYAN),Piece,8
COE/CED,4/30/2017,17-04-289,09-033,INK EPSON L110 (MAGENTA),Piece,8
COE/CED,4/30/2017,17-04-289,09-034,INK EPSON L110 (YELLOW),Piece,8
COE/CED,4/30/2017,17-04-289,16-012,PUNCHER,Piece,5
COE/CED,4/30/2017,17-04-289,20-016,"TONER CARTRDGE, HP LASER JET 85A (CE285AC) (P1102)",Piece,3
COE/CED,4/30/2017,17-04-289,20-049,"TONER, COPIER KYOCERA FS-6525MFP  TK-479",Piece,2
COE/CED,4/30/2017,17-04-289,20-057,"TONER, KYOCERA ECOSYS FS-1040, TK-1114",Piece,1
COE/CED,4/30/2017,17-04-289,23-001,"WASTE BASKET, NON-RIGID PLASTIC, SQUARE, OVAL OR ROUND SHAPE, ASSORTED COLORS ",Piece,10
COE/CED,4/30/2017,17-04-289,16-001,"PAPER BOND WHITE LONG, 70 GSM PG 8-1/2 X 13""""",Reams,25
COE/CED,4/30/2017,17-04-289,16-002,"PAPER BOND ,WHITE, SHORT, 70 GSM",Reams,20
COE/ECE,1/30/2017,17-01-095,09-031,INK EPSON L110 (BLACK),Piece,2
COE/ECE,1/30/2017,17-01-095,09-032,INK EPSON L110 (CYAN),Piece,2
COE/ECE,1/30/2017,17-01-095,09-033,INK EPSON L110 (MAGENTA),Piece,2
COE/ECE,1/30/2017,17-01-095,09-034,INK EPSON L110 (YELLOW),Piece,2
COE/ECE,1/30/2017,17-01-095,20-016,"TONER CARTRDGE, HP LASER JET 85A (CE285AC) (P1102)",Piece,2
COE/ECE,1/30/2017,17-01-095,20-057,"TONER, KYOCERA ECOSYS FS-1040, TK-1114",Piece,3
COE/ECE,1/30/2017,17-01-095,16-001,"PAPER BOND WHITE LONG, 70 GSM PG 8-1/2 X 13""""",Reams,15
COE/ECE,1/30/2017,17-01-095,16-002,"PAPER BOND ,WHITE, SHORT, 70 GSM",Reams,15
COED,1/30/2017,17-01-016,01-003,"ALCOHOL, RUBBING, 70%",Bottle,1
COED,1/30/2017,17-01-016,03-021,"CORRECTION TAPE, DISPOSABLE, USABLE LENGTH OF 6MTRS. THICKNESS  ",Piece,2
COED,1/30/2017,17-01-016,13-013,"MAGAZINE FILE, W/ COVER, (cartile w/ operable cover holds up to A4 and Legal)",Piece,10
COED,1/30/2017,17-01-016,19-003,"SIGNPEN, BLACK, LIQUID GEL INK, 0.5MM NEEDLE TIP, PENTEL ENERJEL BRAND",Piece,6
COED,1/30/2017,17-01-016,20-007,"TAPE, TRANSPARENT, 1"" 24 MM ARMAK BRAND",Piece,6
COED,1/30/2017,17-01-016,20-010,"TOILET, TISSUE PAPER, 2PLY SHEET/12RLS /PACK",Piece,12
COED,1/30/2017,17-01-016,16-001,"PAPER BOND WHITE LONG, 70 GSM PG 8-1/2 X 13""""",Reams,10
COED,1/30/2017,17-01-016,16-014,"PAPER BOND WHITE SHORT, SUBS. A4 GOOD QUALITY",Reams,10
COED ,2/28/2017,17-02-111,05-001,ENVELOPE DOCUMENTARY -GOLDEN KRAFT BROWN LONG 10 X 15,Piece,500
COED,2/28/2017,17-02-138,05-002,ENVELOPE DOCUMENTARY SHORT 150 GSM 9 X 12,Piece,250
COED ,2/28/2017,17-02-139,05-002,ENVELOPE DOCUMENTARY SHORT 150 GSM 9 X 12,Piece,250
COED ,2/28/2017,17-02-157,19-007,"STAMP PAD, INK, 50ml",Bottle,4
COED ,2/28/2017,17-02-157,02-004,BALLPEN FINE POINT BLACK (12pcs./Box),Piece,12
COED ,2/28/2017,17-02-157,19-006,STAMP PAD,Piece,4
COED ,2/28/2017,17-02-157,16-001,"PAPER BOND WHITE LONG, 70 GSM PG 8-1/2 X 13""""",Reams,10
COED,2/28/2017,17-02-172,01-003,"ALCOHOL, RUBBING, 70%",Bottle,6
COED,2/28/2017,17-02-172,13-012,"MOUSE. OPTICAL, USB CONNECTION TYPE, 400 DPI, PLUG AND PLAY: GENIUS NETSCROLL BRAND ",Piece,3
COED,2/28/2017,17-02-172,19-003,"SIGNPEN, BLACK, LIQUID GEL INK, 0.5MM NEEDLE TIP, PENTEL ENERJEL BRAND",Piece,6
COED,2/28/2017,17-02-172,19-006,STAMP PAD,Piece,4
COED,2/28/2017,17-02-172,20-010,"TOILET, TISSUE PAPER, 2PLY SHEET/12RLS /PACK",Piece,12
COED,2/28/2017,17-02-172,16-001,"PAPER BOND WHITE LONG, 70 GSM PG 8-1/2 X 13""""",Reams,20
COED,2/28/2017,17-02-172,16-002,"PAPER BOND ,WHITE, SHORT, 70 GSM",Reams,10
COED,3/30/2017,2017-03-221,01-003,"ALCOHOL, RUBBING, 70%",Bottle,3
COED,3/30/2017,2017-03-221,03-006,"CLIP PAPER, GEM TYPE 32MM (1""), VINYL COATED, 100/BOX RAINBOW",Boxes,6
COED,3/30/2017,2017-03-221,03-007,"CLIP PAPER, GEM TYPE 50MM (2""), VINYL COATED, 100/BOX RAINBOW",Boxes,6
COED,3/30/2017,2017-03-221,09-031,INK EPSON L110 (BLACK),Piece,4
COED,3/30/2017,2017-03-221,09-032,INK EPSON L110 (CYAN),Piece,4
COED,3/30/2017,2017-03-221,09-033,INK EPSON L110 (MAGENTA),Piece,4
COED,3/30/2017,2017-03-221,09-034,INK EPSON L110 (YELLOW),Piece,4
COED,3/30/2017,2017-03-221,18-001,"RECORD BOOK , 300 PAGES",Piece,3
COED,3/30/2017,2017-03-221,20-002,"TAPE MASKING 1"", 24MM ",Piece,6
COED,3/30/2017,2017-03-221,16-001,"PAPER BOND WHITE LONG, 70 GSM PG 8-1/2 X 13""""",Reams,10
COED,3/30/2017,2017-03-221,16-002,"PAPER BOND ,WHITE, SHORT, 70 GSM",Reams,10
COED,3/30/2017,2017-03-230,06-017,FOLDER SHORT TAG BOARD 14 POINTS LETTER SIZE                                    ,Piece,300
COED,3/30/2017,2017-03-241,03-006,"CLIP PAPER, GEM TYPE 32MM (1""), VINYL COATED, 100/BOX RAINBOW",Boxes,6
COED,3/30/2017,2017-03-241,03-007,"CLIP PAPER, GEM TYPE 50MM (2""), VINYL COATED, 100/BOX RAINBOW",Boxes,6
COED,3/30/2017,2017-03-241,06-007,"FASTENER, METAL",Boxes,4
COED,3/30/2017,2017-03-241,06-016,FOLDER LONG TAG BOARD 14 POINTS LEGAL SIZE,Piece,100
COED,3/30/2017,2017-03-241,09-031,INK EPSON L110 (BLACK),Piece,3
COED,3/30/2017,2017-03-241,09-032,INK EPSON L110 (CYAN),Piece,3
COED,3/30/2017,2017-03-241,09-033,INK EPSON L110 (MAGENTA),Piece,3
COED,3/30/2017,2017-03-241,09-034,INK EPSON L110 (YELLOW),Piece,3
COED,3/30/2017,2017-03-241,20-002,"TAPE MASKING 1"", 24MM ",Piece,6
COED,3/30/2017,2017-03-241,16-001,"PAPER BOND WHITE LONG, 70 GSM PG 8-1/2 X 13""""",Reams,5
COED,3/30/2017,2017-03-241,16-002,"PAPER BOND ,WHITE, SHORT, 70 GSM",Reams,5
COED,4/30/2017,17-04-263,03-006,"CLIP PAPER, GEM TYPE 32MM (1""), VINYL COATED, 100/BOX RAINBOW",Boxes,3
COED,4/30/2017,17-04-263,06-007,"FASTENER, METAL",Boxes,3
COED,4/30/2017,17-04-263,09-031,INK EPSON L110 (BLACK),Piece,2
COED,4/30/2017,17-04-263,09-032,INK EPSON L110 (CYAN),Piece,2
COED,4/30/2017,17-04-263,09-033,INK EPSON L110 (MAGENTA),Piece,2
COED,4/30/2017,17-04-263,09-034,INK EPSON L110 (YELLOW),Piece,2
COED,4/30/2017,17-04-263,13-001,"MAGAZINE FILE, LONG DBM",Piece,16
COED,4/30/2017,17-04-263,13-004,MARKING PEN PERMANENT BLACK,Piece,6
COED,4/30/2017,17-04-263,18-001,"RECORD BOOK , 300 PAGES",Piece,3
COED,4/30/2017,17-04-263,16-001,"PAPER BOND WHITE LONG, 70 GSM PG 8-1/2 X 13""""",Reams,10
COED,4/30/2017,17-04-263,16-002,"PAPER BOND ,WHITE, SHORT, 70 GSM",Reams,10
COED,4/30/2017,17-04-291,01-003,"ALCOHOL, RUBBING, 70%",Bottle,5
COED,4/30/2017,17-04-291,07-001,"GLUE,  ALL PURPOSE IN JAR W/APPLICATOR 300 GRAMS",Bottle,5
COED,4/30/2017,17-04-291,03-021,"CORRECTION TAPE, DISPOSABLE, USABLE LENGTH OF 6MTRS. THICKNESS  ",Piece,3
COED,4/30/2017,17-04-291,13-001,"MAGAZINE FILE, LONG DBM",Piece,10
COED,4/30/2017,17-04-291,20-010,"TOILET, TISSUE PAPER, 2PLY SHEET/12RLS /PACK",Piece,3
COED,5/31/2017,17-05-307,04-003,"DATA FOLDER, LONG ",Piece,200
COED,5/31/2017,17-05-307,13-003,"MARKER, HIGHLIGHTER ASSORTED, NON TOXIC SMELL",Piece,6
COED,5/31/2017,17-05-307,16-009,PENCIL LEAD W/ ERASER,Piece,12
COED,5/31/2017,17-05-307,20-007,"TAPE, TRANSPARENT, 1"" 24 MM ARMAK BRAND",Piece,2
COED/GS ,2/28/2017,17-02-132,01-003,"ALCOHOL, RUBBING, 70%",Bottle,4
COED/GS ,2/28/2017,17-02-132,04-003,"DATA FOLDER, LONG ",Piece,10
COED/GS ,2/28/2017,17-02-132,06-009,"FLASH DRIVE 16GB, USB VERSION 2.0 PORT COMPATIBLE, PLUG AND PLAY APACER BRAND",Piece,4
COED/GS ,2/28/2017,17-02-132,19-009,"STAPLE WIRE, REMOVER",Piece,5
COED/GS ,2/28/2017,17-02-132,20-010,"TOILET, TISSUE PAPER, 2PLY SHEET/12RLS /PACK",Piece,12
COED/GS ,5/31/2017,17-05-352,07-001,"GLUE,  ALL PURPOSE IN JAR W/APPLICATOR 300 GRAMS",Bottle,6
COED/GS ,5/31/2017,17-05-352,05-001,ENVELOPE DOCUMENTARY -GOLDEN KRAFT BROWN LONG 10 X 15,Piece,1000
COED/GS ,5/31/2017,17-05-352,05-002,ENVELOPE DOCUMENTARY SHORT 150 GSM 9 X 12,Piece,1000
COED/GS ,5/31/2017,17-05-352,05-006,"ENVELOPE, MAILING, WHITE,  500/BX LONG ",Piece,500
COED/GS ,5/31/2017,17-05-352,06-016,FOLDER LONG TAG BOARD 14 POINTS LEGAL SIZE,Piece,200
COED/GS ,5/31/2017,17-05-352,06-017,FOLDER SHORT TAG BOARD 14 POINTS LETTER SIZE                                    ,Piece,200
COED/GS ,5/31/2017,17-05-352,13-009,"MARKING PEN WHITEBOARD, RED",Piece,6
COED/GS ,5/31/2017,17-05-352,16-009,PENCIL LEAD W/ ERASER,Piece,24
COED/GS ,5/31/2017,17-05-352,18-011,"RULER, 24""",Piece,4
COED/GS ,5/31/2017,17-05-352,20-002,"TAPE MASKING 1"", 24MM ",Piece,3
COED/GS ,5/31/2017,17-05-352,20-007,"TAPE, TRANSPARENT, 1"" 24 MM ARMAK BRAND",Piece,3
COED/GS ,5/31/2017,17-05-352,16-001,"PAPER BOND WHITE LONG, 70 GSM PG 8-1/2 X 13""""",Reams,20
COED/GS ,5/31/2017,17-05-352,16-002,"PAPER BOND ,WHITE, SHORT, 70 GSM",Reams,5
CoL,1/30/2017,17-01-039,01-003,"ALCOHOL, RUBBING, 70%",Bottle,5
CoL,1/30/2017,17-01-039,07-001,"GLUE,  ALL PURPOSE IN JAR W/APPLICATOR 300 GRAMS",Bottle,5
CoL,1/30/2017,17-01-039,03-007,"CLIP PAPER, GEM TYPE 50MM (2""), VINYL COATED, 100/BOX RAINBOW",Boxes,5
CoL,1/30/2017,17-01-039,06-007,"FASTENER, METAL",Boxes,5
CoL,1/30/2017,17-01-039,03-021,"CORRECTION TAPE, DISPOSABLE, USABLE LENGTH OF 6MTRS. THICKNESS  ",Piece,5
CoL,1/30/2017,17-01-039,06-009,"FLASH DRIVE 16GB, USB VERSION 2.0 PORT COMPATIBLE, PLUG AND PLAY APACER BRAND",Piece,5
CoL,1/30/2017,17-01-039,09-031,INK EPSON L110 (BLACK),Piece,3
CoL,1/30/2017,17-01-039,09-032,INK EPSON L110 (CYAN),Piece,3
CoL,1/30/2017,17-01-039,09-033,INK EPSON L110 (MAGENTA),Piece,3
CoL,1/30/2017,17-01-039,09-034,INK EPSON L110 (YELLOW),Piece,3
CoL,1/30/2017,17-01-039,18-001,"RECORD BOOK , 300 PAGES",Piece,5
CoL,1/30/2017,17-01-039,18-010,"RULER, 18""",Piece,10
CoL,1/30/2017,17-01-039,19-001,"SCISSORS, 158MM MIN. LENGTH, SYMMETRICAL, JOY BRAND",Piece,10
CoL,1/30/2017,17-01-039,19-003,"SIGNPEN, BLACK, LIQUID GEL INK, 0.5MM NEEDLE TIP, PENTEL ENERJEL BRAND",Piece,12
CoL,1/30/2017,17-01-039,19-005,"SIGNPEN, RED, LIQUID GEL INK, 0.5MM NEEDLE TIP, PENTEL ENERJEL BRAND",Piece,6
CoL,1/30/2017,17-01-039,19-006,STAMP PAD,Piece,5
CoL,1/30/2017,17-01-039,20-010,"TOILET, TISSUE PAPER, 2PLY SHEET/12RLS /PACK",Piece,24
CoL,1/30/2017,17-01-039,20-016,"TONER CARTRDGE, HP LASER JET 85A (CE285AC) (P1102)",Piece,5
CoL,1/30/2017,17-01-039,16-001,"PAPER BOND WHITE LONG, 70 GSM PG 8-1/2 X 13""""",Reams,20
CoL,1/30/2017,17-01-039,16-014,"PAPER BOND WHITE SHORT, SUBS. A4 GOOD QUALITY",Reams,20
CoL,3/30/2017,2017-03-187,01-003,"ALCOHOL, RUBBING, 70%",Bottle,1
CoL,3/30/2017,2017-03-187,13-003,"MARKER, HIGHLIGHTER ASSORTED, NON TOXIC SMELL",Piece,15
CoL,3/30/2017,2017-03-187,18-001,"RECORD BOOK , 300 PAGES",Piece,5
CoL,3/30/2017,2017-03-187,19-001,"SCISSORS, 158MM MIN. LENGTH, SYMMETRICAL, JOY BRAND",Piece,5
CoL,3/30/2017,2017-03-187,19-009,"STAPLE WIRE, REMOVER",Piece,1
CoL,3/30/2017,2017-03-187,20-002,"TAPE MASKING 1"", 24MM ",Piece,10
CoL,3/30/2017,2017-03-187,20-007,"TAPE, TRANSPARENT, 1"" 24 MM ARMAK BRAND",Piece,2
CoL,3/30/2017,2017-03-187,20-010,"TOILET, TISSUE PAPER, 2PLY SHEET/12RLS /PACK",Piece,12
CoL,3/30/2017,2017-03-187,16-001,"PAPER BOND WHITE LONG, 70 GSM PG 8-1/2 X 13""""",Reams,20
CoL,3/30/2017,2017-03-187,16-002,"PAPER BOND ,WHITE, SHORT, 70 GSM",Reams,5
CoL,3/30/2017,2017-03-242,01-003,"ALCOHOL, RUBBING, 70%",Bottle,2
COL,5/31/2017,17-05-348,01-003,"ALCOHOL, RUBBING, 70%",Bottle,3
COL,5/31/2017,17-05-348,09-031,INK EPSON L110 (BLACK),Piece,4
COL,5/31/2017,17-05-348,09-032,INK EPSON L110 (CYAN),Piece,2
COL,5/31/2017,17-05-348,09-033,INK EPSON L110 (MAGENTA),Piece,2
COL,5/31/2017,17-05-348,09-034,INK EPSON L110 (YELLOW),Piece,2
COL,6/30/2017,17-06-396,01-003,"ALCOHOL, RUBBING, 70%",Bottle,5
COL,6/30/2017,17-06-396,03-007,"CLIP PAPER, GEM TYPE 50MM (2""), VINYL COATED, 100/BOX RAINBOW",Boxes,5
COL,6/30/2017,17-06-396,05-001,ENVELOPE DOCUMENTARY -GOLDEN KRAFT BROWN LONG 10 X 15,Piece,1500
COL,6/30/2017,17-06-396,05-006,"ENVELOPE, MAILING, WHITE,  500/BX LONG ",Piece,1000
COL,6/30/2017,17-06-396,20-007,"TAPE, TRANSPARENT, 1"" 24 MM ARMAK BRAND",Piece,5
COL,6/30/2017,17-06-396,20-016,"TONER CARTRDGE, HP LASER JET 85A (CE285AC) (P1102)",Piece,3
COL,6/30/2017,17-06-396,16-001,"PAPER BOND WHITE LONG, 70 GSM PG 8-1/2 X 13""""",Reams,24
COL,6/30/2017,17-06-396,03-022,"CUTTER BLADE, HEAVY DUTY 18MM WIDTH, 10PCS/TUBE ",Tubes,10
COL OF ACCOUNTANCY,1/30/2017,17-01-089,13-001,"MAGAZINE FILE, LONG DBM",Piece,50
COL OF ACCOUNTANCY,1/30/2017,17-01-089,16-003,"PAPER, MIMEO WHITE WOVE 70 GSM, LONG",Reams,500
COL. OF ACCOUNTANCY,1/30/2017,17-01-037,01-003,"ALCOHOL, RUBBING, 70%",Bottle,6
COL. OF ACCOUNTANCY,1/30/2017,17-01-037,03-005,"CHALK WHITE DUSTLESS, DURA SMOOTH, 100/BXS ",Boxes,200
COL. OF ACCOUNTANCY,1/30/2017,17-01-037,19-008,"STAPLE WIRE, Standard, No.35                                                               ",Boxes,12
COL. OF ACCOUNTANCY,1/30/2017,17-01-037,01-002,AIR FRESHNER ,Cans,2
COL. OF ACCOUNTANCY,1/30/2017,17-01-037,16-015,"PAPER, RULED PAD, 216MMX330, 90 SHEETS/PAD",Pad,10
COL. OF ACCOUNTANCY,1/30/2017,17-01-037,03-020,CORRECTION FLUID WATER BASE 15 ML,Piece,6
COL. OF ACCOUNTANCY,1/30/2017,17-01-037,03-021,"CORRECTION TAPE, DISPOSABLE, USABLE LENGTH OF 6MTRS. THICKNESS  ",Piece,10
COL. OF ACCOUNTANCY,1/30/2017,17-01-037,05-003,"ENVELOPE EXPANDING, LONG ",Piece,1000
COL. OF ACCOUNTANCY,1/30/2017,17-01-037,05-007,"ERASER, BLACKBOARD",Piece,30
COL. OF ACCOUNTANCY,1/30/2017,17-01-037,06-009,"FLASH DRIVE 16GB, USB VERSION 2.0 PORT COMPATIBLE, PLUG AND PLAY APACER BRAND",Piece,6
COL. OF ACCOUNTANCY,1/30/2017,17-01-037,06-016,FOLDER LONG TAG BOARD 14 POINTS LEGAL SIZE,Piece,500
COL. OF ACCOUNTANCY,1/30/2017,17-01-037,06-019,"FOLDER, PRESSBOARD , LEGAL PAPER BOARD.,100/PACK                     ",Piece,200
COL. OF ACCOUNTANCY,1/30/2017,17-01-037,09-031,INK EPSON L110 (BLACK),Piece,6
COL. OF ACCOUNTANCY,1/30/2017,17-01-037,09-032,INK EPSON L110 (CYAN),Piece,3
COL. OF ACCOUNTANCY,1/30/2017,17-01-037,09-033,INK EPSON L110 (MAGENTA),Piece,3
COL. OF ACCOUNTANCY,1/30/2017,17-01-037,09-034,INK EPSON L110 (YELLOW),Piece,3
COL. OF ACCOUNTANCY,1/30/2017,17-01-037,09-035,"INK COPYPRINTER, BLACK, GESTETNER MODEL 5307/5308/3440/5430, CPI 7",Piece,20
COL. OF ACCOUNTANCY,1/30/2017,17-01-037,13-003,"MARKER, HIGHLIGHTER ASSORTED, NON TOXIC SMELL",Piece,12
COL. OF ACCOUNTANCY,1/30/2017,17-01-037,13-004,MARKING PEN PERMANENT BLACK,Piece,30
COL. OF ACCOUNTANCY,1/30/2017,17-01-037,13-010,"MASTER COPY PRINTER, CMPT 17 MODEL 5307/5308 GESTETNER ",Piece,8
COL. OF ACCOUNTANCY,1/30/2017,17-01-037,13-013,"MAGAZINE FILE, W/ COVER, (cartile w/ operable cover holds up to A4 and Legal)",Piece,20
COL. OF ACCOUNTANCY,1/30/2017,17-01-037,18-001,"RECORD BOOK , 300 PAGES",Piece,12
COL. OF ACCOUNTANCY,1/30/2017,17-01-037,18-010,"RULER, 18""",Piece,10
COL. OF ACCOUNTANCY,1/30/2017,17-01-037,19-001,"SCISSORS, 158MM MIN. LENGTH, SYMMETRICAL, JOY BRAND",Piece,7
COL. OF ACCOUNTANCY,1/30/2017,17-01-037,19-003,"SIGNPEN, BLACK, LIQUID GEL INK, 0.5MM NEEDLE TIP, PENTEL ENERJEL BRAND",Piece,24
COL. OF ACCOUNTANCY,1/30/2017,17-01-037,19-009,"STAPLE WIRE, REMOVER",Piece,6
COL. OF ACCOUNTANCY,1/30/2017,17-01-037,20-007,"TAPE, TRANSPARENT, 1"" 24 MM ARMAK BRAND",Piece,10
COL. OF ACCOUNTANCY,1/30/2017,17-01-037,20-010,"TOILET, TISSUE PAPER, 2PLY SHEET/12RLS /PACK",Piece,12
COL. OF ACCOUNTANCY,1/30/2017,17-01-037,20-016,"TONER CARTRDGE, HP LASER JET 85A (CE285AC) (P1102)",Piece,10
COL. OF ACCOUNTANCY,1/30/2017,17-01-037,20-039,TONER HP LASERJET PRINT CARTRIDGE 3050/Q2612AC,Piece,10
COL. OF ACCOUNTANCY,1/30/2017,17-01-037,16-001,"PAPER BOND WHITE LONG, 70 GSM PG 8-1/2 X 13""""",Reams,30
COL. OF ACCOUNTANCY,1/30/2017,17-01-037,20-047,"TWINE, PLASTIC, ONE KL. PER ROLL",Rolls,5
College of Accountancy and Finance,3/2/2018,2/18/2014,01-003,"ALCOHOL, RUBBING, 70%",Bottle,4
College of Accountancy and Finance,3/2/2018,2/18/2014,07-001,"GLUE,  ALL PURPOSE IN JAR W/APPLICATOR 300 GRAMS",Bottle,3
College of Accountancy and Finance,3/2/2018,2/18/2014,03-005,"CHALK WHITE DUSTLESS, DURA SMOOTH, 100/BXS ",Boxes,5
College of Accountancy and Finance,3/2/2018,2/18/2014,03-007,"CLIP PAPER, GEM TYPE 50MM (2""), VINYL COATED, 100/BOX RAINBOW",Boxes,5
College of Accountancy and Finance,3/2/2018,2/18/2014,03-008,"CLIP, BACKFOLD, 19MM ("") ALL METAL, 12PCS/BOX",Boxes,5
College of Accountancy and Finance,3/2/2018,2/18/2014,03-009,"CLIP, BACKFOLD, 25MM (1"") ALL METAL, 12PCS/BOX",Boxes,5
College of Accountancy and Finance,3/2/2018,2/18/2014,03-027,"CLIP, BACKFOLD, 32MM(1 1/4)  ALL METAL, 12PCS/BOX",Boxes,5
College of Accountancy and Finance,3/2/2018,2/18/2014,03-028,"CLIP, BACKFOLD, 50MM(2)  ALL METAL, 12PCS/BOX",Boxes,1
College of Accountancy and Finance,3/2/2018,2/18/2014,06-007,"FASTENER, METAL",Boxes,5
College of Accountancy and Finance,3/2/2018,2/18/2014,16-013,"PUSH PIN, FLAT HEAD TYPE , ASSORTED COLORS, 100PCS/CASE",Boxes,1
College of Accountancy and Finance,3/2/2018,2/18/2014,18-012,"RING BINDER, 12.7mm x 1.12m (1/2""x 44""), plastic 10pcs/pack",Pack,10
College of Accountancy and Finance,3/2/2018,2/18/2014,02-004,BALLPEN FINE POINT BLACK (12pcs./Box),Piece,24
College of Accountancy and Finance,3/2/2018,2/18/2014,03-003,"CARTOLINA, ASSORTED COLORS",Piece,60
College of Accountancy and Finance,3/2/2018,2/18/2014,05-003,"ENVELOPE EXPANDING, LONG ",Piece,100
College of Accountancy and Finance,3/2/2018,2/18/2014,05-006,"ENVELOPE, MAILING, WHITE,  500/BX LONG ",Piece,100
College of Accountancy and Finance,3/2/2018,2/18/2014,09-057,"INK CARTRIDGE, GESTETNER DX2430, BLACK",Piece,10
College of Accountancy and Finance,3/2/2018,2/18/2014,12-002,L-TYPE PLASTIC FOLDER,Piece,50
College of Accountancy and Finance,3/2/2018,2/18/2014,13-004,MARKING PEN PERMANENT BLACK,Piece,24
College of Accountancy and Finance,3/2/2018,2/18/2014,16-012,PUNCHER,Piece,6
College of Accountancy and Finance,3/2/2018,2/18/2014,19-003,"SIGNPEN, BLACK, LIQUID GEL INK, 0.5MM NEEDLE TIP, PENTEL ENERJEL BRAND",Piece,12
College of Accountancy and Finance,3/2/2018,2/18/2014,19-005,"SIGNPEN, RED, LIQUID GEL INK, 0.5MM NEEDLE TIP, PENTEL ENERJEL BRAND",Piece,4
College of Accountancy and Finance,3/2/2018,2/18/2014,19-013,"STAPLER, BINDER TYPE HEAVY DUTY,  STAPLING, 12MM AND 17MM, CAP: 25-135 SHEETS OF 70GSM BOND PAPER",Piece,1
College of Accountancy and Finance,3/2/2018,2/18/2014,20-002,"TAPE MASKING 1"", 24MM ",Piece,5
College of Accountancy and Finance,3/2/2018,2/18/2014,20-006,"TAPE, PACKAGING, 2""",Piece,3
College of Accountancy and Finance,3/2/2018,2/18/2014,20-007,"TAPE, TRANSPARENT, 1"" 24 MM ARMAK BRAND",Piece,3
College of Accountancy and Finance,3/2/2018,2/18/2014,20-008,"TAPE, TRANSPARENT, 2  24 MM ARMAK BRAND """,Piece,3
College of Accountancy and Finance,3/2/2018,2/18/2014,20-016,"TONER CARTRDGE, HP LASER JET 85A (CE285AC) (P1102)",Piece,3
College of Accountancy and Finance,3/2/2018,2/18/2014,03-022,"CUTTER BLADE, HEAVY DUTY 18MM WIDTH, 10PCS/TUBE ",Tubes,1
College of Accountancy and Finance,3/16/2018,18-03-113,09-057,"INK CARTRIDGE, GESTETNER DX2430, BLACK",Piece,5
College of Accountancy and Finance,4/5/2018,18-04-153,09-057,"INK CARTRIDGE, GESTETNER DX2430, BLACK",Piece,5
College of Arts and Letters,4/12/2018,18-04-148,05-001,ENVELOPE DOCUMENTARY -GOLDEN KRAFT BROWN LONG 10 X 15,Piece,150
College of Arts and Letters,4/12/2018,18-04-148,05-003,"ENVELOPE EXPANDING, LONG ",Piece,150
College of Business Administration,3/7/2018,3/18/1934,07-001,"GLUE,  ALL PURPOSE IN JAR W/APPLICATOR 300 GRAMS",Bottle,3
College of Business Administration,3/7/2018,3/18/1934,01-002,AIR FRESHNER ,Cans,2
College of Business Administration,3/7/2018,3/18/1934,09-058,"INSECTICIDE, MULTI INSECT KILLER, KILLS FLYING AND CRAWLING INSECTS",Cans,2
College of Business Administration,3/7/2018,3/18/1934,06-019,"FOLDER, PRESSBOARD , LEGAL PAPER BOARD.,100/PACK                     ",Piece,5
College of Business Administration,3/7/2018,3/18/1934,09-032,INK EPSON L110 (CYAN),Piece,1
College of Business Administration,3/7/2018,3/18/1934,13-012,"MOUSE. OPTICAL, USB CONNECTION TYPE, 400 DPI, PLUG AND PLAY: GENIUS NETSCROLL BRAND ",Piece,3
College of Business Administration,3/7/2018,3/18/1934,16-002,"PAPER BOND ,WHITE, SHORT, 70 GSM",Reams,5
College of Business Administration,3/7/2018,3/18/1934,16-003,"PAPER, MIMEO WHITE WOVE 70 GSM, LONG",Reams,30
College of Business Administration,3/7/2018,3/18/1934,16-021,"PAPER BOND, WHITE, LONG,MULTI-COPY, 80GSM, 8&frac12;&quot; x 13&quot; (500sheets/Ream)",Reams,30
College of Communication,4/4/2018,18-03-124,01-003,"ALCOHOL, RUBBING, 70%",Bottle,3
College of Communication,4/4/2018,18-03-124,07-001,"GLUE,  ALL PURPOSE IN JAR W/APPLICATOR 300 GRAMS",Bottle,3
College of Communication,4/4/2018,18-03-124,03-005,"CHALK WHITE DUSTLESS, DURA SMOOTH, 100/BXS ",Boxes,15
College of Communication,4/4/2018,18-03-124,03-007,"CLIP PAPER, GEM TYPE 50MM (2""), VINYL COATED, 100/BOX RAINBOW",Boxes,10
College of Communication,4/4/2018,18-03-124,03-008,"CLIP, BACKFOLD, 19MM ("") ALL METAL, 12PCS/BOX",Boxes,5
College of Communication,4/4/2018,18-03-124,03-009,"CLIP, BACKFOLD, 25MM (1"") ALL METAL, 12PCS/BOX",Boxes,5
College of Communication,4/4/2018,18-03-124,06-007,"FASTENER, METAL",Boxes,10
College of Communication,4/4/2018,18-03-124,09-003,"INDEX TAB, SELF-ADHESIVE ",Boxes,10
College of Communication,4/4/2018,18-03-124,01-002,AIR FRESHNER ,Cans,2
College of Communication,4/4/2018,18-03-124,02-004,BALLPEN FINE POINT BLACK (12pcs./Box),Piece,6
College of Communication,4/4/2018,18-03-124,02-005,BALLPEN FINE POINT BLUE ,Piece,6
College of Communication,4/4/2018,18-03-124,05-008,"ERASER, RUBBER, RECTANGULAR, PLATON BRAND",Piece,10
College of Communication,4/4/2018,18-03-124,06-019,"FOLDER, PRESSBOARD , LEGAL PAPER BOARD.,100/PACK                     ",Piece,300
College of Communication,4/4/2018,18-03-124,06-021,"FOLDER, FANCY , LEGAL  SIZE PAPER DOC .,50/PACK                           ",Piece,100
College of Communication,4/4/2018,18-03-124,13-001,"MAGAZINE FILE, LONG DBM",Piece,24
College of Communication,4/4/2018,18-03-124,13-003,"MARKER, HIGHLIGHTER ASSORTED, NON TOXIC SMELL",Piece,9
College of Communication,4/4/2018,18-03-124,13-004,MARKING PEN PERMANENT BLACK,Piece,10
College of Communication,4/4/2018,18-03-124,13-005,MARKING PEN PERMANENT BLUE,Piece,10
College of Communication,4/4/2018,18-03-124,19-004,"SIGNPEN, BLUE, LIQUID GEL INK, 0.5MM NEEDLE TIP, PENTEL ENERJEL BRAND",Piece,6
College of Communication,4/4/2018,18-03-124,16-021,"PAPER BOND, WHITE, LONG,MULTI-COPY, 80GSM, 8&frac12;&quot; x 13&quot; (500sheets/Ream)",Reams,15
College of Computer and Information Sciences,4/16/2018,18-04-168,01-003,"ALCOHOL, RUBBING, 70%",Bottle,2
College of Computer and Information Sciences,4/16/2018,18-04-168,03-007,"CLIP PAPER, GEM TYPE 50MM (2""), VINYL COATED, 100/BOX RAINBOW",Boxes,3
College of Computer and Information Sciences,4/16/2018,18-04-168,03-008,"CLIP, BACKFOLD, 19MM ("") ALL METAL, 12PCS/BOX",Boxes,3
College of Computer and Information Sciences,4/16/2018,18-04-168,03-027,"CLIP, BACKFOLD, 32MM(1 1/4)  ALL METAL, 12PCS/BOX",Boxes,1
College of Computer and Information Sciences,4/16/2018,18-04-168,03-028,"CLIP, BACKFOLD, 50MM(2)  ALL METAL, 12PCS/BOX",Boxes,1
College of Computer and Information Sciences,4/16/2018,18-04-168,18-012,"RING BINDER, 12.7mm x 1.12m (1/2""x 44""), plastic 10pcs/pack",Pack,1
College of Computer and Information Sciences,4/16/2018,18-04-168,18-013,"RING BINDER, 19mm x 1.12m(3/4""x 44""), plastic"" 10pcs/pack",Pack,1
College of Computer and Information Sciences,4/16/2018,18-04-168,16-015,"PAPER, RULED PAD, 216MMX330, 90 SHEETS/PAD",Pad,3
College of Computer and Information Sciences,4/16/2018,18-04-168,02-004,BALLPEN FINE POINT BLACK (12pcs./Box),Piece,1
College of Computer and Information Sciences,4/16/2018,18-04-168,02-005,BALLPEN FINE POINT BLUE ,Piece,1
College of Computer and Information Sciences,4/16/2018,18-04-168,04-004,"DATING MACHINE, STAMP",Piece,1
College of Computer and Information Sciences,4/16/2018,18-04-168,05-009,"ENVELOPE, MAILING, WINDOW,  WHITE,  500/BX LONG ",Piece,1
College of Computer and Information Sciences,4/16/2018,18-04-168,06-019,"FOLDER, PRESSBOARD , LEGAL PAPER BOARD.,100/PACK                     ",Piece,100
College of Computer and Information Sciences,4/16/2018,18-04-168,13-003,"MARKER, HIGHLIGHTER ASSORTED, NON TOXIC SMELL",Piece,10
College of Computer and Information Sciences,4/16/2018,18-04-168,13-004,MARKING PEN PERMANENT BLACK,Piece,10
College of Computer and Information Sciences,4/16/2018,18-04-168,13-005,MARKING PEN PERMANENT BLUE,Piece,10
College of Computer and Information Sciences,4/16/2018,18-04-168,13-012,"MOUSE. OPTICAL, USB CONNECTION TYPE, 400 DPI, PLUG AND PLAY: GENIUS NETSCROLL BRAND ",Piece,3
College of Computer and Information Sciences,4/16/2018,18-04-168,16-010,PENCIL SHARPENER,Piece,2
College of Computer and Information Sciences,4/16/2018,18-04-168,16-012,PUNCHER,Piece,1
College of Computer and Information Sciences,4/16/2018,18-04-168,19-003,"SIGNPEN, BLACK, LIQUID GEL INK, 0.5MM NEEDLE TIP, PENTEL ENERJEL BRAND",Piece,1
College of Computer and Information Sciences,4/16/2018,18-04-168,19-004,"SIGNPEN, BLUE, LIQUID GEL INK, 0.5MM NEEDLE TIP, PENTEL ENERJEL BRAND",Piece,2
College of Computer and Information Sciences,4/16/2018,18-04-168,20-005,"TAPE, ELECRICAL",Piece,5
College of Computer and Information Sciences,4/16/2018,18-04-168,20-049,"TONER, COPIER KYOCERA FS-6525MFP  TK-479",Piece,2
College of Computer and Information Sciences,4/16/2018,18-04-168,16-003,"PAPER, MIMEO WHITE WOVE 70 GSM, LONG",Reams,5
College of Computer and Information Sciences,4/16/2018,18-04-168,16-021,"PAPER BOND, WHITE, LONG,MULTI-COPY, 80GSM, 8&frac12;&quot; x 13&quot; (500sheets/Ream)",Reams,15
College of Education,3/14/2018,18-02-027,01-003,"ALCOHOL, RUBBING, 70%",Bottle,3
College of Education,3/14/2018,18-02-027,07-001,"GLUE,  ALL PURPOSE IN JAR W/APPLICATOR 300 GRAMS",Bottle,3
College of Education,3/14/2018,18-02-027,19-007,"STAMP PAD, INK, 50ml",Bottle,1
College of Education,3/14/2018,18-02-027,03-007,"CLIP PAPER, GEM TYPE 50MM (2""), VINYL COATED, 100/BOX RAINBOW",Boxes,3
College of Education,3/14/2018,18-02-027,18-008,RUBBER BAND,Boxes,2
College of Education,3/14/2018,18-02-027,19-008,"STAPLE WIRE, Standard, No.35                                                               ",Boxes,3
College of Education,3/14/2018,18-02-027,01-002,AIR FRESHNER ,Cans,2
